-- phpMyAdmin SQL Dump
-- version 4.7.4
-- https://www.phpmyadmin.net/
--
-- Host: 127.0.0.1
-- Generation Time: Aug 01, 2018 at 06:58 PM
-- Server version: 10.1.30-MariaDB
-- PHP Version: 7.2.1

SET SQL_MODE = "NO_AUTO_VALUE_ON_ZERO";
SET AUTOCOMMIT = 0;
START TRANSACTION;
SET time_zone = "+00:00";


/*!40101 SET @OLD_CHARACTER_SET_CLIENT=@@CHARACTER_SET_CLIENT */;
/*!40101 SET @OLD_CHARACTER_SET_RESULTS=@@CHARACTER_SET_RESULTS */;
/*!40101 SET @OLD_COLLATION_CONNECTION=@@COLLATION_CONNECTION */;
/*!40101 SET NAMES utf8mb4 */;

--
-- Database: `smartschool`
--

-- --------------------------------------------------------

--
-- Table structure for table `admininfo`
--

CREATE TABLE `admininfo` (
  `ad_id` int(10) NOT NULL,
  `aname` varchar(50) NOT NULL,
  `address` varchar(100) NOT NULL,
  `mnumber` varchar(50) NOT NULL,
  `email` varchar(50) NOT NULL,
  `gender` enum('male','female','others') NOT NULL,
  `uname` varchar(50) NOT NULL,
  `password` varchar(100) NOT NULL,
  `action` varchar(50) NOT NULL,
  `img_name` varchar(50) NOT NULL,
  `img_path` varchar(50) NOT NULL,
  `img_type` varchar(50) NOT NULL
) ENGINE=InnoDB DEFAULT CHARSET=latin1;

--
-- Dumping data for table `admininfo`
--

INSERT INTO `admininfo` (`ad_id`, `aname`, `address`, `mnumber`, `email`, `gender`, `uname`, `password`, `action`, `img_name`, `img_path`, `img_type`) VALUES
(1, 'Rasal', 'Dhaka', '01715900536', 'nhrasal.cse@gmail.com', 'male', 'rasal', 'MTIzNA==', 'active', 'C:xampp	mpphpE53F.tmp', 'raal.jpg', 'image/jpeg'),
(2, 'Raihan Uddin', 'Dhaka Bangladesh', '01715900536', 'raihanuddinbabo1995@gmail.com', 'male', 'raihan', 'MTIzNA==', 'active', 'C:xampp	mpphp44A4.tmp', 'raihan.jpg', 'image/jpeg');

-- --------------------------------------------------------

--
-- Table structure for table `admissionform`
--

CREATE TABLE `admissionform` (
  `std_id` int(10) NOT NULL,
  `cls_id` int(10) NOT NULL,
  `firstname` varchar(50) NOT NULL,
  `lastname` varchar(50) NOT NULL,
  `fathersname` varchar(50) NOT NULL,
  `mothersname` varchar(50) NOT NULL,
  `preadds` varchar(150) NOT NULL,
  `peradds` varchar(150) NOT NULL,
  `monumber` varchar(20) NOT NULL,
  `email` varchar(50) NOT NULL,
  `gender` enum('male','female','others') NOT NULL,
  `religion` enum('islam','hindu','chirestan') NOT NULL,
  `dofb` date NOT NULL,
  `country` enum('bangladesh','india','usa') NOT NULL,
  `com_code` varchar(255) NOT NULL,
  `uname` varchar(50) NOT NULL,
  `password` varchar(100) NOT NULL,
  `action` varchar(50) NOT NULL,
  `img_name` varchar(100) NOT NULL,
  `img_path` varchar(100) NOT NULL,
  `img_type` varchar(100) NOT NULL
) ENGINE=InnoDB DEFAULT CHARSET=latin1;

--
-- Dumping data for table `admissionform`
--

INSERT INTO `admissionform` (`std_id`, `cls_id`, `firstname`, `lastname`, `fathersname`, `mothersname`, `preadds`, `peradds`, `monumber`, `email`, `gender`, `religion`, `dofb`, `country`, `com_code`, `uname`, `password`, `action`, `img_name`, `img_path`, `img_type`) VALUES
(1, 8, 'Nurul huda', 'Rasal', 'Abdul kalam', 'Shahnara begum', 'Aynatoli Shahrasti Chandpur Bangladesh ', '143 docotor goli mogbazar dhaka 1217.', '01853195548', 'nhrasal.cse@gmail.com', 'male', 'islam', '1993-07-07', 'bangladesh', 'd33b7d0459ba8ebd46d9b4e94cf88e2e', 'rasal', 'MTIzNA==', 'active', 'C:xampp	mpphpFD56.tmp', 'raal.jpg', 'image/jpeg'),
(3, 8, 'Main Uddin', 'Parvez', 'Abdul kalam', 'Shahnara begum', 'Aynatoli Shahrasti Chandpur Bangladesh ', '143 docotor goli mogbazar dhaka 1217.', '01853195548', 'nhrasal.cse@gmail.com', 'male', 'islam', '1993-07-07', 'bangladesh', '674d4bd5cb487ea048d6c482ccec4b17', 'parvez', 'MTIzNA==', 'active', 'C:xampp	mpphpA51A.tmp', 'st4.jpg', 'image/jpeg'),
(4, 8, 'Muntasir ', 'Raju', 'Abdul kalam', 'Shahnara begum', 'Aynatoli Shahrasti Chandpur Bangladesh ', '143 docotor goli mogbazar dhaka 1217.', '01853195548', 'nhrasal.cse@gmail.com', 'male', 'islam', '1993-07-07', 'bangladesh', 'c04c3ba5558d9ce30d0d20dd74cef4f4', 'raju', 'MTIzNA==', 'active', 'C:xampp	mpphpCF24.tmp', 'st4.jpg', 'image/jpeg'),
(5, 8, 'Atatur Azm', 'Abir', 'Abdul kalam', 'Shahnara begum', 'Aynatoli Shahrasti Chandpur Bangladesh ', '143 docotor goli mogbazar dhaka 1217.', '01853195548', 'nhrasal111@gmail.com', 'male', 'islam', '1993-07-07', 'bangladesh', 'e229f104547038cff9fb6bf0e72e1f13', 'abir', 'MTIzNA==', 'active', 'C:xampp	mpphpDB93.tmp', 'abir.jpg', 'image/jpeg'),
(6, 8, 'faruk', 'mahady', 'Abdul kalam', 'Shahnara begum', 'Aynatoli Shahrasti Chandpur Bangladesh ', '143 docotor goli mogbazar dhaka 1217.', '01853195548', 'nhrasal111@gmail.com', 'male', 'islam', '1993-07-07', 'bangladesh', '5f811ae1004c61e302b7fa4c43305a3b', 'faruk', 'MTIzNA==', 'active', 'C:xampp	mpphp864C.tmp', 'abir.jpg', 'image/jpeg'),
(7, 8, 'rezaul  karim', 'Shabuj', 'Abdul kalam', 'Shahnara begum', 'Aynatoli Shahrasti Chandpur Bangladesh ', '143 docotor goli mogbazar dhaka 1217.', '01853195548', 'nhrasal.cse@gmail.com', 'male', 'islam', '1993-07-07', 'bangladesh', 'f927d8450d92d6f7e58b67d21855aa25', 'shabuj', 'MTIzNA==', 'active', 'C:xampp	mpphp30C2.tmp', 'shobuj.jpg', 'image/jpeg'),
(8, 8, 'abdul awal ', 'Shabuj', 'Abdul kalam', 'Shahnara begum', 'Aynatoli Shahrasti Chandpur Bangladesh ', '143 docotor goli mogbazar dhaka 1217.', '01853195548', 'nhrasal.cse@gmail.com', 'male', 'islam', '1993-07-07', 'bangladesh', '51faa51ed5028ef1c2957c3ed15659e6', 'aowal', 'MTIzNA==', 'active', 'C:xampp	mpphp32F1.tmp', 'awal.jpg', 'image/jpeg'),
(9, 8, 'rakib uddin', 'joshim', 'Abdul kalam', 'Shahnara begum', 'aynatoli shashrasti chandpur', 'aynatoli shashrasti chandpur', '01715900536', 'nhrasal.cse@gmail.com', 'male', 'islam', '1990-07-06', 'bangladesh', '16a97f56acaea0ea6894af48d5cbb7df', 'rakib', 'MTIzNA==', 'active', 'C:xampp	mpphp9916.tmp', 'rakib.jpg', 'image/jpeg'),
(10, 8, 'monjur ', 'hossen', 'Abdul kalam', 'Shahnara begum', 'aynatoli shashrasti chandpur', 'aynatoli shashrasti chandpur', '01715900536', 'nhrasal.cse@gmail.com', 'male', 'islam', '1990-07-06', 'bangladesh', '9fd72d194899b3b4f4a3b107288b8f31', 'monjur', 'MTIzNA==', 'active', 'C:xampp	mpphp50DF.tmp', 'monjur.jpg', 'image/jpeg'),
(11, 8, 'Nahid ansary', 'rony', 'Abdul kalam', 'Shahnara begum', 'aynatoli shashrasti chandpur', 'aynatoli shashrasti chandpur', '01715900536', 'nhrasal.cse@gmail.com', 'male', 'islam', '1990-07-06', 'bangladesh', 'ebb5b62888f03c2917c9cb5f3ba4aa7f', 'rony', 'MTIzNA==', 'active', 'C:xampp	mpphp2B4D.tmp', 'rony.jpg', 'image/jpeg'),
(12, 8, 'tofayel', 'tuhin', 'Abdul kalam', 'Shahnara begum', 'aynatoli shashrasti chandpur', 'aynatoli shashrasti chandpur', '01715900536', 'nhrasal.cse@gmail.com', 'male', 'islam', '1990-07-06', 'bangladesh', 'ce5789b6b47940afe63903abd33fa797', 'tofayel', 'MTIzNA==', 'active', 'C:xampp	mpphpF9F8.tmp', 'tofayel.jpg', 'image/jpeg'),
(13, 6, 'tarek', 'aziz', 'abdul khalek', 'begum', 'aynatoli shahrasti chandpur ', 'aynatoli shahrasti chandpur', '01515693097', 'nhrasal.cse@gmail.com', 'male', 'islam', '1992-07-07', 'bangladesh', '681bebfb58f695bd0ebcd41695fdc83a', 'tarek', 'MTIzNA==', 'active', 'C:xampp	mpphp8B14.tmp', 'tarek.jpg', 'image/jpeg'),
(14, 7, 'al farabe', 'farabe', 'delowar ', 'sajeda begumq', 'aynatoli shahrasti chandpur ', 'aynatoli shahrasti chandpur', '01515693097', 'nhrasal111@gmail.com', 'male', 'islam', '1992-07-07', 'bangladesh', 'fcba45f31e17ccdf6352127ca9212c4c', 'farabi', 'MTIzNA==', 'active', 'C:xampp	mpphpAB6A.tmp', 'farabe.jpg', 'image/jpeg'),
(15, 7, 'Kamrul ', 'hasan', 'ahmed', 'begum', 'dhaka bangladesh ', 'dhaka bangladesh ', '01700000000', 'creativekamrul@gmail.com', 'male', 'islam', '1994-07-07', 'bangladesh', '39b56b6cd3b5ad2c1a6a63f9584d4090', 'kamrul', 'MTIzNA==', 'active', 'C:xampp	mpphp69E6.tmp', 'kamrul.jpg', 'image/jpeg'),
(16, 7, 'Rakibul', 'islam', 'ahmed', 'begum', 'dhaka bangladesh ', 'dhaka bangladesh ', '01700000000', 'rokibul2030@gmail.com', 'male', 'islam', '1994-07-07', 'bangladesh', 'cbfed4831fe4cc8379ffd86a548828a2', 'rakibul', 'MTIzNA==', 'active', 'C:xampp	mpphp419B.tmp', 'rakibul.jpg', 'image/jpeg'),
(17, 7, 'rezauzzaman', 'sajib', 'ahmed', 'begum', 'dhaka bangladesh ', 'dhaka bangladesh ', '01700000000', 'sajib11.cse@gmail.com', 'male', 'islam', '1994-07-07', 'bangladesh', '06b5f1711386c04d3dc73c132a71c8ca', 'sojib', 'MTIzNA==', 'active', 'C:xampp	mpphpA6BB.tmp', 'rezauzzaman.jpg', 'image/jpeg'),
(18, 7, 'Maksudur rahman', 'sajib', 'ahmed', 'begum', 'dhaka bangladesh ', 'dhaka bangladesh ', '01700000000', 'shourov8652@gmail.com', 'male', 'islam', '1994-07-07', 'bangladesh', 'ed583ae4f238f874c88ff2dffe2b6fe0', 'maksud', 'MTIzNA==', 'active', 'C:xampp	mpphp5BC4.tmp', 'maksud.jpg', 'image/jpeg'),
(19, 7, 'mahbub', 'hossain', 'ahmed', 'begum', 'dhaka bangladesh ', 'dhaka bangladesh ', '01700000000', 'mahbubhossain001@gmail.com', 'male', 'islam', '1994-07-07', 'bangladesh', '8e0d1cf3d1f972406ea922da06594341', 'mahbub', 'MTIzNA==', 'active', 'C:xampp	mpphp2BD8.tmp', 'mahbub.jpg', 'image/jpeg'),
(20, 7, 'Tanim', 'obaidy', 'ahmed', 'begum', 'dhaka bangladesh ', 'dhaka bangladesh ', '01700000000', 'tasnimcse35@gmail.com', 'male', 'islam', '1994-07-07', 'bangladesh', '57d842c10bffdec288b09e753e2ec861', 'tasnim', 'MTIzNA==', 'active', 'C:xampp	mpphp1119.tmp', 'oni.jpg', 'image/jpeg'),
(21, 7, 'Anik ', 'islam', 'ahmed', 'begum', 'dhaka bangladesh ', 'dhaka bangladesh ', '01700000000', 'aniik.islam@gmail.com', 'male', 'islam', '1994-07-07', 'bangladesh', '25c371d32672306c6d6f946d56e0e64f', 'anik', 'MTIzNA==', 'active', 'C:xampp	mpphpAA4E.tmp', 'anik.jpg', 'image/jpeg'),
(22, 7, 'abud asid', 'saran', 'ahmed', 'begum', 'dhaka bangladesh ', 'dhaka bangladesh ', '01700000000', 'aas.saran96@gmail.Com', 'male', 'islam', '1994-07-07', 'bangladesh', '7250a00a59350cd26ffbbf9b513e46c4', 'saran', 'MTIzNA==', 'active', 'C:xampp	mpphp566F.tmp', 'saran.jpg', 'image/jpeg'),
(23, 7, 'Maniruzzaman ', 'arpon', 'ahmed', 'begum', 'dhaka bangladesh ', 'dhaka bangladesh ', '01700000000', 'monirujjaman100@gmail.com', 'male', 'islam', '1994-07-07', 'bangladesh', '1b804594eb993ba087b63042de1f965c', 'monir', 'MTIzNA==', 'active', 'C:xampp	mpphp413E.tmp', 'monir.jpg', 'image/jpeg'),
(24, 7, 'Ruble', 'ahmed', 'ahmed', 'begum', 'dhaka bangladesh ', 'dhaka bangladesh ', '01700000000', 'ahmedsojib580@gmail.com', 'male', 'islam', '1994-07-07', 'bangladesh', 'cd73cf3335962b4f21d3fa10e7aeef1e', 'rubel', 'MTIzNA==', 'active', 'C:xampp	mpphpEDEB.tmp', 'rubelsojib.jpg', 'image/jpeg'),
(25, 7, 'Moniruzzaman', 'mia', 'ahmed', 'begum', 'dhaka bangladesh ', 'dhaka bangladesh ', '01700000000', 'monir7dhaka@gmail.com', 'male', 'islam', '1994-07-07', 'bangladesh', '08098378b92272496b4a6c12f5702363', 'moniru', 'MTIzNA==', 'active', 'C:xampp	mpphpA9BB.tmp', 'mori mia.jpg', 'image/jpeg'),
(26, 7, 'amirul', 'islam', 'ahmed', 'begum', 'dhaka bangladesh ', 'dhaka bangladesh ', '01700000000', 'nhrasal111@gmail.com', 'male', 'islam', '1994-07-07', 'bangladesh', '63a618dd929d3f454b243892761fe98e', 'amirul', 'MTIzNA==', 'active', 'C:xampp	mpphpA72E.tmp', 'amirul.jpg', 'image/jpeg'),
(27, 7, 'Babul', 'mia', 'ahmed', 'begum', 'dhaka bangladesh ', 'dhaka bangladesh ', '01700000000', 'nhrasal111@gmail.com', 'male', 'islam', '1994-07-07', 'bangladesh', 'b36cceaeab94cbf43a6a33c7fce3250f', 'babul', 'MTIzNA==', 'active', 'C:xampp	mpphp43DE.tmp', 'babul.jpg', 'image/jpeg'),
(28, 7, 'Bristi ', 'begum', 'ahmed', 'begum', 'dhaka bangladesh ', 'dhaka bangladesh ', '01700000000', 'nhrasal111@gmail.com', 'female', 'islam', '1994-07-07', 'bangladesh', '13133e43c50cf03f93ac90719ebed3ff', 'bristi', 'MTIzNA==', 'active', 'C:xampp	mpphpF6D.tmp', 'bristi.jpg', 'image/jpeg'),
(29, 5, 'Nurul Huda ', 'Rasal', 'abul kalam', 'shahnara begum', 'DHAKA BANGLADESH ', 'DHAKA BANGLADESH ', '01515693097', 'nhrasal111@gmail.com', 'male', 'islam', '1993-07-07', 'bangladesh', '8cbae69fe7e9288412d2943211e0ff5d', 'nhrasal', 'MTIzNA==', 'active', 'C:xampp	mpphpF6F0.tmp', 'raal.jpg', 'image/jpeg'),
(30, 1, 'mou', 'ahmed', 'karim', 'begum', 'dhaka bangladesh ', 'dhaka bangladesh ', '017171733393', 'nhrasal111@gmail.com', 'female', 'islam', '1992-02-22', 'bangladesh', '4a749ec2e9e313299f8aa788e1bd83cd', 'mou', 'MTIzNA==', 'active', 'C:xampp	mpphp1A5.tmp', 'st10.jpeg', 'image/jpeg'),
(31, 1, 'Rena', 'ahmed', 'karim', 'begum', 'dhaka bangladesh ', 'dhaka bangladesh ', '017171733393', 'nhrasal111@gmail.com', 'female', 'islam', '1992-02-22', 'bangladesh', 'c1df5d17a48b6e382ae7726339ff5d30', 'rena', 'MTIzNA==', 'active', 'C:xampp	mpphpC54F.tmp', 'images.jpg', 'image/jpeg'),
(32, 1, 'saddam', 'khan', 'karim', 'begum', 'dhaka bangladesh ', 'dhaka bangladesh ', '017171733393', 'nhrasal111@gmail.com', 'male', 'islam', '1992-02-22', 'bangladesh', '64659c190a355d33bba5baf106a2e8e8', 'saddam', 'MTIzNA==', 'active', 'C:xampp	mpphp915B.tmp', 'index.jpg', 'image/jpeg'),
(33, 1, 'saidul', 'khan', 'karim', 'begum', 'dhaka bangladesh ', 'dhaka bangladesh ', '017171733393', 'nhrasal111@gmail.com', 'male', 'islam', '1992-02-22', 'bangladesh', '24a33f5ac3d74e72dba4e72ac4a9f7cf', 'saidul', 'MTIzNA==', 'active', 'C:xampp	mpphpE6FA.tmp', 't8.jpg', 'image/jpeg'),
(34, 1, 'moshfiq', 'ahmed', 'karim', 'begum', 'dhaka bangladesh ', 'dhaka bangladesh ', '017171733393', 'nhrasal111@gmail.com', 'male', 'islam', '1992-02-22', 'bangladesh', 'd0f037e8b45bffac01f7f6c8d10b9531', 'moshfiq', 'MTIzNA==', 'active', 'C:xampp	mpphpD86B.tmp', 't4.jpg', 'image/jpeg'),
(35, 2, 'moshfiq', 'ahmed', 'karim', 'begum', 'dhaka bangladesh ', 'dhaka bangladesh ', '017171733393', 'nhrasal111@gmail.com', 'male', 'islam', '1992-02-22', 'bangladesh', '97f156a32612083e7c47acb4903bbcec', 'moshfiq1', 'MTIzNA==', 'active', 'C:xampp	mpphp5DD9.tmp', 't4.jpg', 'image/jpeg'),
(36, 3, 'moshfiq', 'ahmed', 'karim', 'begum', 'dhaka bangladesh ', 'dhaka bangladesh ', '017171733393', 'nhrasal111@gmail.com', 'male', 'islam', '1992-02-22', 'bangladesh', '4b08ca1dc93c1bbfafa4d65baf67acb1', 'moshfiq2', 'MTIzNA==', 'active', 'C:xampp	mpphpF2F6.tmp', 't4.jpg', 'image/jpeg'),
(37, 4, 'moshfiq', 'ahmed', 'karim', 'begum', 'dhaka bangladesh ', 'dhaka bangladesh ', '017171733393', 'nhrasal111@gmail.com', 'male', 'islam', '1992-02-22', 'bangladesh', '6d39a3c9b87ef1fb533f45415a704b3b', 'moshfiq4', 'MTIzNA==', 'active', 'C:xampp	mpphp6634.tmp', 't4.jpg', 'image/jpeg'),
(38, 5, 'moshfiq', 'ahmed', 'karim', 'begum', 'dhaka bangladesh ', 'dhaka bangladesh ', '017171733393', 'nhrasal111@gmail.com', 'male', 'islam', '1992-02-22', 'bangladesh', 'e89a422c843c37da27d611898941902b', 'moshfiq5', 'MTIzNA==', 'active', 'C:xampp	mpphpCDB9.tmp', 't4.jpg', 'image/jpeg'),
(39, 6, 'moshfiq', 'ahmed', 'karim', 'begum', 'dhaka bangladesh ', 'dhaka bangladesh ', '017171733393', 'nhrasal111@gmail.com', 'male', 'islam', '1992-02-22', 'bangladesh', '5143783f055e590e9afc63331c48965a', 'moshfiq6', 'MTIzNA==', 'active', 'C:xampp	mpphp6DA4.tmp', 't4.jpg', 'image/jpeg'),
(40, 8, 'moshfiq', 'ahmed', 'karim', 'begum', 'dhaka bangladesh ', 'dhaka bangladesh ', '017171733393', 'nhrasal111@gmail.com', 'male', 'islam', '1992-02-22', 'bangladesh', '784cb8ea664d29c77486a9875f4d2b4d', 'moshfiq8', 'MTIzNA==', 'active', 'C:xampp	mpphp5F26.tmp', 't4.jpg', 'image/jpeg'),
(41, 9, 'moshfiq', 'ahmed', 'karim', 'begum', 'dhaka bangladesh ', 'dhaka bangladesh ', '017171733393', 'nhrasal111@gmail.com', 'male', 'islam', '1992-02-22', 'bangladesh', '0d579e009e671470b9a6aa5d457bdc9b', 'moshfiq9', 'MTIzNA==', 'active', 'C:xampp	mpphpCDD0.tmp', 't4.jpg', 'image/jpeg'),
(42, 10, 'moshfiq', 'ahmed', 'karim', 'begum', 'dhaka bangladesh ', 'dhaka bangladesh ', '017171733393', 'nhrasal111@gmail.com', 'male', 'islam', '1992-02-22', 'bangladesh', '252eca1afb15b4cde9a84c461fad5330', 'moshfiq10', 'MTIzNA==', 'active', 'C:xampp	mpphpF624.tmp', 't4.jpg', 'image/jpeg'),
(43, 7, 'moshfiq', 'ahmed', 'karim', 'begum', 'dhaka bangladesh ', 'dhaka bangladesh ', '017171733393', 'nhrasal111@gmail.com', 'male', 'islam', '1992-02-22', 'bangladesh', 'd320b4c626f5dd130e8448100932c020', 'moshfiq7', 'MTIzNA==', 'active', 'C:xampp	mpphpCA9C.tmp', 't4.jpg', 'image/jpeg'),
(44, 1, 'shahin', 'maih', 'karim', 'begum', 'dhaka bangladesh ', 'dhaka bangladesh ', '017171733393', 'nhrasal111@gmail.com', 'male', 'islam', '1992-02-22', 'bangladesh', '8f698ee62a9645dcc1ecec503e3029b5', 'shahin', 'MTIzNA==', 'active', 'C:xampp	mpphp97DB.tmp', 'abir.jpg', 'image/jpeg'),
(45, 2, 'Shain', 'mia', 'karim', 'begum', 'dhaka bangladesh ', 'dhaka bangladesh ', '017171733393', 'nhrasal111@gmail.com', 'male', 'islam', '2000-07-07', 'bangladesh', 'bf986bcbb24e2acc5de84adcc611ef8f', 'shain2', 'MTIzNA==', 'active', 'C:xampp	mpphp4DE9.tmp', 'abir.jpg', 'image/jpeg'),
(46, 3, 'Shain', 'mia', 'karim', 'begum', 'dhaka bangladesh ', 'dhaka bangladesh ', '017171733393', 'nhrasal111@gmail.com', 'male', 'islam', '2000-07-07', 'bangladesh', '6dcf5751954e39a57c8890b8c1b44b28', 'shain3', 'MTIzNA==', 'active', 'C:xampp	mpphpB35B.tmp', 'abir.jpg', 'image/jpeg'),
(47, 4, 'Shain', 'mia', 'karim', 'begum', 'dhaka bangladesh ', 'dhaka bangladesh ', '017171733393', 'nhrasal111@gmail.com', 'male', 'islam', '2000-07-07', 'bangladesh', 'df4f0041144dc3f394124839001270e7', 'shain4', 'MTIzNA==', 'active', 'C:xampp	mpphp1E0E.tmp', 'abir.jpg', 'image/jpeg'),
(48, 5, 'Shain', 'mia', 'karim', 'begum', 'dhaka bangladesh ', 'dhaka bangladesh ', '017171733393', 'nhrasal111@gmail.com', 'male', 'islam', '2000-07-07', 'bangladesh', 'ac92f505e23a7625bb3350a17e60ee36', 'shain5', 'MTIzNA==', 'active', 'C:xampp	mpphpB186.tmp', 'abir.jpg', 'image/jpeg'),
(49, 6, 'Shain', 'mia', 'karim', 'begum', 'dhaka bangladesh ', 'dhaka bangladesh ', '017171733393', 'nhrasal111@gmail.com', 'male', 'islam', '2000-07-07', 'bangladesh', '1a667c8980c42aa767d34fd81a009309', 'shain6', 'MTIzNA==', 'active', 'C:xampp	mpphp286C.tmp', 'abir.jpg', 'image/jpeg'),
(50, 8, 'Shain', 'mia', 'karim', 'begum', 'dhaka bangladesh ', 'dhaka bangladesh ', '017171733393', 'nhrasal111@gmail.com', 'male', 'islam', '2000-07-07', 'bangladesh', '767794013e6bb19f1ae44b9bb6bb8f11', 'shain8', 'MTIzNA==', 'active', 'C:xampp	mpphp8795.tmp', 'abir.jpg', 'image/jpeg'),
(51, 9, 'Shain', 'mia', 'karim', 'begum', 'dhaka bangladesh ', 'dhaka bangladesh ', '017171733393', 'nhrasal111@gmail.com', 'male', 'islam', '2000-07-07', 'bangladesh', '202d540765f39b4c9830222c053f7768', 'shain9', 'MTIzNA==', 'active', 'C:xampp	mpphp6C78.tmp', 'abir.jpg', 'image/jpeg'),
(52, 10, 'Shain', 'mia', 'karim', 'begum', 'dhaka bangladesh ', 'dhaka bangladesh ', '017171733393', 'nhrasal111@gmail.com', 'male', 'islam', '2000-07-07', 'bangladesh', 'f7b838bd45e8c82b64d96abac785b2e5', 'shain10', 'MTIzNA==', 'active', 'C:xampp	mpphpE6F9.tmp', 'abir.jpg', 'image/jpeg'),
(53, 1, 'Rubel', 'mia', 'karim', 'begum', 'dhaka bangladesh ', 'dhaka bangladesh ', '017171733393', 'nhrasal111@gmail.com', 'male', 'islam', '2000-07-07', 'bangladesh', '74ce14864f710bdf9943ef09a7d1aee3', 'rubel', 'MTIzNA==', 'active', 'C:xampp	mpphp8186.tmp', 'st2.jpg', 'image/jpeg'),
(54, 2, 'Rubel', 'mia', 'karim', 'begum', 'dhaka bangladesh ', 'dhaka bangladesh ', '017171733393', 'nhrasal111@gmail.com', 'male', 'islam', '2000-07-07', 'bangladesh', 'd29e02934598a0c30d5c547280f7503b', 'rubel2', 'MTIzNA==', 'active', 'C:xampp	mpphpE7D3.tmp', 'st2.jpg', 'image/jpeg'),
(55, 3, 'Rubel', 'mia', 'karim', 'begum', 'dhaka bangladesh ', 'dhaka bangladesh ', '017171733393', 'nhrasal111@gmail.com', 'male', 'islam', '2000-07-07', 'bangladesh', '2b9e67d3661cab1ccc66bb881a003a97', 'rubel3', 'MTIzNA==', 'active', 'C:xampp	mpphp4304.tmp', 'st2.jpg', 'image/jpeg'),
(56, 4, 'Rubel', 'mia', 'karim', 'begum', 'dhaka bangladesh ', 'dhaka bangladesh ', '017171733393', 'nhrasal111@gmail.com', 'male', 'islam', '2000-07-07', 'bangladesh', 'ece3e84e836b4cd5040cc379b82c28bf', 'rubel4', 'MTIzNA==', 'active', 'C:xampp	mpphp9403.tmp', 'st2.jpg', 'image/jpeg'),
(57, 5, 'Rubel', 'mia', 'karim', 'begum', 'dhaka bangladesh ', 'dhaka bangladesh ', '017171733393', 'nhrasal111@gmail.com', 'male', 'islam', '2000-07-07', 'bangladesh', '839fb5f98431b636105d381fa81c76a7', 'rubel5', 'MTIzNA==', 'active', 'C:xampp	mpphpD553.tmp', 'st2.jpg', 'image/jpeg'),
(58, 6, 'Rubel', 'mia', 'karim', 'begum', 'dhaka bangladesh ', 'dhaka bangladesh ', '017171733393', 'nhrasal111@gmail.com', 'male', 'islam', '2000-07-07', 'bangladesh', '285b6b70b97529800cc579070f698754', 'rubel6', 'MTIzNA==', 'active', 'C:xampp	mpphp3B33.tmp', 'st2.jpg', 'image/jpeg'),
(59, 9, 'Rubel', 'mia', 'karim', 'begum', 'dhaka bangladesh ', 'dhaka bangladesh ', '017171733393', 'nhrasal111@gmail.com', 'male', 'islam', '2000-07-07', 'bangladesh', 'f4eb02c42b2b392cebe249ca363a7ab1', 'rubel9', 'MTIzNA==', 'active', 'C:xampp	mpphpA682.tmp', 'st2.jpg', 'image/jpeg'),
(60, 10, 'Rubel', 'mia', 'karim', 'begum', 'dhaka bangladesh ', 'dhaka bangladesh ', '017171733393', 'nhrasal111@gmail.com', 'male', 'islam', '2000-07-07', 'bangladesh', 'a4f31fd9f323c2240ba2f2c8e8c4154f', 'rubel10', 'MTIzNA==', 'active', 'C:xampp	mpphpA1F.tmp', 'st2.jpg', 'image/jpeg'),
(61, 9, 'Raju', 'ahmed', 'ahmed', 'begum', 'dhaka bangladesh ', 'dhaka bangladesh ', '017171733393', 'rajucsebuet09b@gmail.com ', 'male', 'islam', '2000-07-07', 'bangladesh', 'e11b3d1714e2d8cf4891473fe1d3c302', 'raju', 'MTIzNA==', 'active', 'C:xampp	mpphpA53E.tmp', 'rajusir.jpg', 'image/jpeg'),
(62, 1, 'Atatu Azim', 'abir', 'anowar hossain', 'anowara begum', 'comilla bangladesh ', 'comilla bangladesh ', '01926970777', 'azim.abir.me@gmail.com', 'male', 'islam', '1993-07-07', 'bangladesh', 'c9a4b3a09f49e1f50c1854a12b5f044e', 'abir1', 'MTIzNDU=', 'active', 'C:xampp	mpphp9578.tmp', 'abir.jpg', 'image/jpeg'),
(63, 2, 'Atatu Azim', 'abir', 'anowar hossain', 'anowara begum', 'comilla bangladesh ', 'comilla bangladesh ', '01926970777', 'azim.abir.me2@gmail.com', 'male', 'islam', '1993-07-07', 'bangladesh', 'f590140574e7c4e54359c3f307e45a83', 'abir2', 'MTIzNDU=', 'active', 'C:xampp	mpphp19DD.tmp', 'abir.jpg', 'image/jpeg'),
(64, 3, 'Atatu Azim', 'abir', 'anowar hossain', 'anowara begum', 'comilla bangladesh ', 'comilla bangladesh ', '01926970777', 'azim.abir.me3@gmail.com', 'male', 'islam', '1993-07-07', 'bangladesh', '962f8340dd85e34c5efa7c03d48ad759', 'abir3', 'MTIzNDU=', 'active', 'C:xampp	mpphp7174.tmp', 'abir.jpg', 'image/jpeg'),
(65, 4, 'Atatu Azim', 'abir', 'anowar hossain', 'anowara begum', 'comilla bangladesh ', 'comilla bangladesh ', '01926970777', 'azim.abir.me4@gmail.com', 'male', 'islam', '1993-07-07', 'bangladesh', '0b5baa03799747cb400c40cc9d5ade71', 'abir4', 'MTIzNDU=', 'active', 'C:xampp	mpphpC2A2.tmp', 'abir.jpg', 'image/jpeg'),
(66, 5, 'Atatu Azim', 'abir', 'anowar hossain', 'anowara begum', 'comilla bangladesh ', 'comilla bangladesh ', '01926970777', 'azim.abir.me5@gmail.com', 'male', 'islam', '1993-07-07', 'bangladesh', '37732c2e54727a853ac4c0e647cfa4e0', 'abir5', 'MTIzNDU=', 'active', 'C:xampp	mpphp2D55.tmp', 'abir.jpg', 'image/jpeg'),
(67, 6, 'Atatu Azim', 'abir', 'anowar hossain', 'anowara begum', 'comilla bangladesh ', 'comilla bangladesh ', '01926970777', 'azim.abir.me6@gmail.com', 'male', 'islam', '1993-07-07', 'bangladesh', '507745629e818d7efc02d47a7d81bba8', 'abir6', 'MTIzNDU=', 'active', 'C:xampp	mpphp945E.tmp', 'abir.jpg', 'image/jpeg'),
(68, 9, 'Atatu Azim', 'abir', 'anowar hossain', 'anowara begum', 'comilla bangladesh ', 'comilla bangladesh ', '01926970777', 'azim.abir.me9@gmail.com', 'male', 'islam', '1993-07-07', 'bangladesh', '7a187956e6ea3816140cd21a3d69dbbc', 'abir9', 'MTIzNDU=', 'active', 'C:xampp	mpphp867.tmp', 'abir.jpg', 'image/jpeg'),
(69, 10, 'Atatu Azim', 'abir', 'anowar hossain', 'anowara begum', 'comilla bangladesh ', 'comilla bangladesh ', '01926970777', 'nhrasal111@gmail.com', 'male', 'islam', '1993-07-07', 'bangladesh', 'a89a3cf07523c6c6caba456d1cdc2792', 'abir10', 'MTIzNDU=', 'active', 'C:xampp	mpphp751D.tmp', 'abir.jpg', 'image/jpeg'),
(70, 10, 'Al Mahedy', 'Hasan', 'anowar hossain', 'sajedabegum', 'chandpur bangladesh ', 'chandpur bangladesh ', '01921583908', 'raihanuddinbabo1996@gmail.com', 'male', 'islam', '1993-07-07', 'bangladesh', '7efbbf8a38b0dfaff69b577fab324693', 'mahedy', 'MTIzNA==', 'active', 'C:xampp	mpphp6B7F.tmp', 'mahedy.jpg', 'image/jpeg'),
(71, 2, 'Al Mahedy', 'Hasan', 'anowar hossain', 'sajedabegum', 'chandpur bangladesh ', 'chandpur bangladesh ', '01921583908', 'mahedyhasanipe2@gmail.com', 'male', 'islam', '1993-07-07', 'bangladesh', 'bbbebc1b844ba23402f7ee732fafd6cc', 'mahedy2', 'MTIzNA==', 'active', 'C:xampp	mpphpD7B7.tmp', 'mahedy.jpg', 'image/jpeg'),
(72, 3, 'Al Mahedy', 'Hasan', 'anowar hossain', 'sajedabegum', 'chandpur bangladesh ', 'chandpur bangladesh ', '01921583908', 'mahedyhasanipe3@gmail.com', 'male', 'islam', '1993-07-07', 'bangladesh', 'a87492a1bc50af6f299108b3a1c016b8', 'mahedy3', 'MTIzNA==', 'active', 'C:xampp	mpphp1C05.tmp', 'mahedy.jpg', 'image/jpeg'),
(73, 4, 'Al Mahedy', 'Hasan', 'anowar hossain', 'sajedabegum', 'chandpur bangladesh ', 'chandpur bangladesh ', '01921583908', 'mahedyhasanipe4@gmail.com', 'male', 'islam', '1993-07-07', 'bangladesh', 'c9d3cc33f14c964a652a24f9b4e94649', 'mahedy4', 'MTIzNA==', 'active', 'C:xampp	mpphp7EF7.tmp', 'mahedy.jpg', 'image/jpeg'),
(74, 5, 'Al Mahedy', 'Hasan', 'anowar hossain', 'sajedabegum', 'chandpur bangladesh ', 'chandpur bangladesh ', '01921583908', 'mahedyhasanipe5@gmail.com', 'male', 'islam', '1993-07-07', 'bangladesh', '62a485f39974e3379ec83e2498fca435', 'mahedy5', 'MTIzNA==', 'active', 'C:xampp	mpphpE9E7.tmp', 'mahedy.jpg', 'image/jpeg'),
(75, 6, 'Al Mahedy', 'Hasan', 'anowar hossain', 'sajedabegum', 'chandpur bangladesh ', 'chandpur bangladesh ', '01921583908', 'mahedyhasanipe6@gmail.com', 'male', 'islam', '1993-07-07', 'bangladesh', '6baf78565dc1dc606c4baf68d011fb09', 'mahedy6', 'MTIzNA==', 'active', 'C:xampp	mpphp371E.tmp', 'mahedy.jpg', 'image/jpeg'),
(76, 8, 'Al Mahedy', 'Hasan', 'anowar hossain', 'sajedabegum', 'chandpur bangladesh ', 'chandpur bangladesh ', '01921583908', 'mahedyhasanipe8@gmail.com', 'male', 'islam', '1993-07-07', 'bangladesh', '412f8334cecf8f867612ecf8d3433a3f', 'mahedy8', 'MTIzNA==', 'active', 'C:xampp	mpphpAA5C.tmp', 'mahedy.jpg', 'image/jpeg'),
(77, 1, 'Al Mahedy', 'Hasan', 'anowar hossain', 'sajedabegum', 'chandpur bangladesh ', 'chandpur bangladesh ', '01921583908', 'mahedyhasanipe1@gmail.com', 'male', 'islam', '1993-07-07', 'bangladesh', '86e6d7bd2d050958bb6746a08f6aa226', 'mahedy1', 'MTIzNA==', 'active', 'C:xampp	mpphp82D.tmp', 'mahedy.jpg', 'image/jpeg'),
(78, 1, 'Muntasir', 'Raju', 'abdul karim', 'sajedabegum', 'chandpur bangladesh ', 'chandpur bangladesh ', '01921583908', 'muntasirraju@gmal.com', 'male', 'islam', '1993-07-07', 'bangladesh', 'acc44a007271111eb89dcacaa7c2cb47', 'muntasir', 'MTIzNA==', 'active', 'C:xampp	mpphpB4E5.tmp', 'raju.jpg', 'image/jpeg'),
(79, 2, 'Muntasir', 'Raju', 'abdul karim', 'sajedabegum', 'chandpur bangladesh ', 'chandpur bangladesh ', '01921583908', 'muntasirraju2@gmal.com', 'male', 'islam', '1993-07-07', 'bangladesh', 'bbed6d40c44f2bd87e1d7f74360f596d', 'muntasir2', 'MTIzNA==', 'active', 'C:xampp	mpphpF710.tmp', 'raju.jpg', 'image/jpeg'),
(80, 3, 'Muntasir', 'Raju', 'abdul karim', 'sajedabegum', 'chandpur bangladesh ', 'chandpur bangladesh ', '01921583908', 'muntasirraju3@gmal.com', 'male', 'islam', '1993-07-07', 'bangladesh', '87122583a477719b6c539f326cc393d7', 'muntasir3', 'MTIzNA==', 'active', 'C:xampp	mpphp3C96.tmp', 'raju.jpg', 'image/jpeg'),
(81, 4, 'Muntasir', 'Raju', 'abdul karim', 'sajedabegum', 'chandpur bangladesh ', 'chandpur bangladesh ', '01921583908', 'muntasirraju4@gmal.com', 'male', 'islam', '1993-07-07', 'bangladesh', '0581664310fb8093d02cba9cba256077', 'muntasir4', 'MTIzNA==', 'active', 'C:xampp	mpphp9073.tmp', 'raju.jpg', 'image/jpeg'),
(82, 5, 'Muntasir', 'Raju', 'abdul karim', 'sajedabegum', 'chandpur bangladesh ', 'chandpur bangladesh ', '01921583908', 'muntasirraju5@gmal.com', 'male', 'islam', '1993-07-07', 'bangladesh', 'bbb684313fd47cdbda8c6ec2b6267608', 'muntasir5', 'MTIzNA==', 'active', 'C:xampp	mpphpE03A.tmp', 'raju.jpg', 'image/jpeg'),
(83, 6, 'Muntasir', 'Raju', 'abdul karim', 'sajedabegum', 'chandpur bangladesh ', 'chandpur bangladesh ', '01921583908', 'muntasirraju6@gmal.com', 'male', 'islam', '1993-07-07', 'bangladesh', 'fd661bb6300f9bc9945512ff9e3291b7', 'muntasir6', 'MTIzNA==', 'active', 'C:xampp	mpphp3D4F.tmp', 'raju.jpg', 'image/jpeg'),
(84, 7, 'Muntasir', 'Raju', 'abdul karim', 'sajedabegum', 'chandpur bangladesh ', 'chandpur bangladesh ', '01921583908', 'nhrasal111@gmail.com', 'male', 'islam', '1993-07-07', 'bangladesh', 'de1648333719d95d70e4fcddfc4c3fb3', 'muntasir7', 'MTIzNA==', 'active', 'C:xampp	mpphpBFA1.tmp', 'raju.jpg', 'image/jpeg'),
(85, 8, 'Muntasir', 'Raju', 'abdul karim', 'sajedabegum', 'chandpur bangladesh ', 'chandpur bangladesh ', '01921583908', 'muntasirraju8@gmal.com', 'male', 'islam', '1993-07-07', 'bangladesh', 'c2baaef484b324dbfb7c2401977777f0', 'muntasir8', 'MTIzNA==', 'active', 'C:xampp	mpphpA09.tmp', 'raju.jpg', 'image/jpeg'),
(86, 9, 'Muntasir', 'Raju', 'abdul karim', 'sajedabegum', 'chandpur bangladesh ', 'chandpur bangladesh ', '01921583908', 'muntasirraju9@gmal.com', 'male', 'islam', '1993-07-07', 'bangladesh', 'a102093ec067b3ef1be83ffef0e3cc31', 'muntasir9', 'MTIzNA==', 'active', 'C:xampp	mpphp6142.tmp', 'raju.jpg', 'image/jpeg'),
(87, 10, 'Muntasir', 'Raju', 'abdul karim', 'sajedabegum', 'chandpur bangladesh ', 'chandpur bangladesh ', '01921583908', 'nhrasal111@gmail.com', 'male', 'islam', '1993-07-07', 'bangladesh', 'd817530d98ed84c00543f9364cab4f65', 'muntasir10', 'MTIzNA==', 'active', 'C:xampp	mpphpB1D4.tmp', 'raju.jpg', 'image/jpeg'),
(88, 1, 'tofayel', 'tohin', 'abdul karim', 'sajedabegum', 'chandpur bangladesh ', 'chandpur bangladesh ', '01921583908', 'tofayeltohin@gmail.com', 'male', 'islam', '1993-07-07', 'bangladesh', '8b1678d69e6e1d8fa262e75337b47257', 'tofayel', 'MTIzNA==', 'active', 'C:xampp	mpphp8D64.tmp', 'tofayel.jpg', 'image/jpeg'),
(89, 2, 'tofayel', 'tohin', 'abdul karim', 'sajedabegum', 'chandpur bangladesh ', 'chandpur bangladesh ', '01921583908', 'tofayeltohin2@gmail.com', 'male', 'islam', '1993-07-07', 'bangladesh', 'db26ea260656135751286eafdebc1fef', 'tofayel2', 'MTIzNA==', 'active', 'C:xampp	mpphpDE34.tmp', 'tofayel.jpg', 'image/jpeg'),
(90, 3, 'tofayel', 'tohin', 'abdul karim', 'sajedabegum', 'chandpur bangladesh ', 'chandpur bangladesh ', '01921583908', 'tofayeltohin3@gmail.com', 'male', 'islam', '1993-07-07', 'bangladesh', '79b7c7a9b534b55f2c980757eea38c11', 'tofayel3', 'MTIzNA==', 'active', 'C:xampp	mpphp2C07.tmp', 'tofayel.jpg', 'image/jpeg'),
(91, 4, 'tofayel', 'tohin', 'abdul karim', 'sajedabegum', 'chandpur bangladesh ', 'chandpur bangladesh ', '01921583908', 'tofayeltohin4@gmail.com', 'male', 'islam', '1993-07-07', 'bangladesh', 'b7913fc75be879dae036490551dbf5c4', 'tofayel4', 'MTIzNA==', 'active', 'C:xampp	mpphp93BB.tmp', 'tofayel.jpg', 'image/jpeg'),
(92, 5, 'tofayel', 'tohin', 'abdul karim', 'sajedabegum', 'chandpur bangladesh ', 'chandpur bangladesh ', '01921583908', 'tofayeltohin5@gmail.com', 'male', 'islam', '1993-07-07', 'bangladesh', 'fabbe44a54e1be41959bc0b3d9e8702c', 'tofayel5', 'MTIzNA==', 'active', 'C:xampp	mpphpE518.tmp', 'tofayel.jpg', 'image/jpeg'),
(93, 6, 'tofayel', 'tohin', 'abdul karim', 'sajedabegum', 'chandpur bangladesh ', 'chandpur bangladesh ', '01921583908', 'tofayeltohin6@gmail.com', 'male', 'islam', '1993-07-07', 'bangladesh', 'c1cd1da5477a42a6432a0c3b9a15337b', 'tofayel6', 'MTIzNA==', 'active', 'C:xampp	mpphp4CBE.tmp', 'tofayel.jpg', 'image/jpeg'),
(94, 9, 'tofayel', 'tohin', 'abdul karim', 'sajedabegum', 'chandpur bangladesh ', 'chandpur bangladesh ', '01921583908', 'tofayeltohin7@gmail.com', 'male', 'islam', '1993-07-07', 'bangladesh', 'c3fff6fa025643fddb6517f66913a29a', 'tofayel7', 'MTIzNA==', 'active', 'C:xampp	mpphpBEE2.tmp', 'tofayel.jpg', 'image/jpeg'),
(95, 10, 'tofayel', 'tohin', 'abdul karim', 'sajedabegum', 'chandpur bangladesh ', 'chandpur bangladesh ', '01921583908', 'tofayeltohin10@gmail.com', 'male', 'islam', '1993-07-07', 'bangladesh', '83b437cefffa3a7fdc1e5752be4cfb4f', 'tofayel10', 'MTIzNA==', 'new', 'C:xampp	mpphp20FA.tmp', 'tofayel.jpg', 'image/jpeg'),
(96, 1, 'Rezaul ', 'karim', 'abdul karim', 'sajedabegum', 'chandpur bangladesh ', 'chandpur bangladesh ', '01921583908', 'rkshobuj1@gmail.com', 'male', 'islam', '1993-07-07', 'bangladesh', 'b86fefb59ab5cfff59a576a2512269c7', 'shobuj', 'MTIzNA==', 'active', 'C:xampp	mpphp4C2D.tmp', 'shobuj.jpg', 'image/jpeg'),
(97, 2, 'REzaul ', 'karim', 'abdul karim', 'sajedabegum', 'chandpur bangladesh ', 'chandpur bangladesh ', '01921583908', 'rkshobuj2@gmail.com', 'male', 'islam', '1993-07-07', 'bangladesh', '0206046fbbb3a9639702a84d56c56b7e', 'shobuj2', 'MTIzNA==', 'active', 'C:xampp	mpphpB0C5.tmp', 'shobuj.jpg', 'image/jpeg'),
(98, 3, 'Rezaul', 'karim', 'abdul karim', 'sajedabegum', 'chandpur bangladesh ', 'chandpur bangladesh ', '01921583908', 'rkshobuj3@gmail.com', 'male', 'islam', '1993-07-07', 'bangladesh', '0cb6be6706450768c618a9688605ec62', 'shobuj3', 'MTIzNA==', 'active', 'C:xampp	mpphp5A2C.tmp', 'shobuj.jpg', 'image/jpeg'),
(99, 4, 'Rezaul', 'karim', 'abdul karim', 'sajedabegum', 'chandpur bangladesh ', 'chandpur bangladesh ', '01921583908', 'rkshobuj4@gmail.com', 'male', 'islam', '1993-07-07', 'bangladesh', '8c7f61a1896aed8b676dd2110994eb5a', 'shobuj4', 'MTIzNA==', 'active', 'C:xampp	mpphpA919.tmp', 'shobuj.jpg', 'image/jpeg'),
(100, 5, 'Rezaul', 'karim', 'abdul karim', 'sajedabegum', 'chandpur bangladesh ', 'chandpur bangladesh ', '01921583908', 'rkshobuj5@gmail.com', 'male', 'islam', '1993-07-07', 'bangladesh', 'fc071c19013eadc1ccce091c8421672a', 'shobuj5', 'MTIzNA==', 'active', 'C:xampp	mpphp4D7.tmp', 'shobuj.jpg', 'image/jpeg'),
(101, 6, 'Rezaul', 'karim', 'abdul karim', 'sajedabegum', 'chandpur bangladesh ', 'chandpur bangladesh ', '01921583908', 'rkshobuj6@gmail.com', 'male', 'islam', '1993-07-07', 'bangladesh', 'ad8cf91241758e80e792c7a048818189', 'shobuj6', 'MTIzNA==', 'new', 'C:xampp	mpphp6113.tmp', 'shobuj.jpg', 'image/jpeg');

-- --------------------------------------------------------

--
-- Table structure for table `classinfo`
--

CREATE TABLE `classinfo` (
  `cls_id` int(10) NOT NULL,
  `clsname` varchar(50) NOT NULL
) ENGINE=InnoDB DEFAULT CHARSET=latin1;

--
-- Dumping data for table `classinfo`
--

INSERT INTO `classinfo` (`cls_id`, `clsname`) VALUES
(1, 'One'),
(2, 'Two'),
(3, 'Three'),
(4, 'Four'),
(5, 'Five'),
(6, 'Six'),
(7, 'Seven'),
(8, 'Eight'),
(9, 'Nine'),
(10, 'Ten');

-- --------------------------------------------------------

--
-- Table structure for table `courseinfo`
--

CREATE TABLE `courseinfo` (
  `course_id` int(10) NOT NULL,
  `tchr_id` int(10) NOT NULL,
  `cls_id` int(10) NOT NULL,
  `coursename` tinytext NOT NULL,
  `clsname` tinytext NOT NULL
) ENGINE=InnoDB DEFAULT CHARSET=latin1;

--
-- Dumping data for table `courseinfo`
--

INSERT INTO `courseinfo` (`course_id`, `tchr_id`, `cls_id`, `coursename`, `clsname`) VALUES
(1, 1, 8, 'Bangla 1st', ''),
(2, 2, 8, 'English 1st', ''),
(3, 3, 8, 'Social Science', ''),
(4, 4, 8, 'Mathematics', ''),
(6, 6, 8, 'English 2nd', ''),
(7, 7, 8, 'Islam', ''),
(9, 9, 8, 'Genarel Science', ''),
(10, 5, 8, 'Bangla 2nd', ''),
(11, 10, 8, 'Agriculture', ''),
(12, 6, 7, 'English 2nd', ''),
(13, 4, 6, 'Mathematics', ''),
(14, 1, 6, 'Bangla 1 st', ''),
(15, 1, 1, 'Bangla ', ''),
(16, 1, 2, 'Bangla ', ''),
(17, 2, 3, 'Mathematics', ''),
(18, 2, 4, 'Mathematics', ''),
(19, 2, 7, 'Mathematics', ''),
(20, 4, 2, 'Genarel Science', ''),
(21, 4, 5, 'Genarel Science', ''),
(22, 3, 6, 'Social Science', ''),
(23, 3, 7, 'Social Science', ''),
(24, 3, 9, 'Social Science', ''),
(25, 11, 6, 'ICT', ''),
(26, 11, 8, 'ICT', ''),
(27, 11, 9, 'ICT', ''),
(28, 11, 7, 'ICT', ''),
(29, 10, 9, 'English1st', ''),
(30, 5, 1, 'Mathmatics', ''),
(31, 5, 2, 'Mathmatics', ''),
(32, 4, 3, 'Mathematics ', ''),
(33, 4, 9, 'General Mathematics ', ''),
(34, 11, 10, 'Physics ', ''),
(35, 6, 4, 'English 2nd', ''),
(36, 8, 7, 'Genarel Science', ''),
(37, 10, 7, 'Bangla 1 st', ''),
(38, 7, 7, 'English 1st', ''),
(39, 5, 7, 'Islamic Studies', ''),
(40, 1, 7, 'Bangla 2nd', '');

-- --------------------------------------------------------

--
-- Table structure for table `finalresult`
--

CREATE TABLE `finalresult` (
  `rslt_id` int(10) NOT NULL,
  `std_id` int(10) NOT NULL,
  `tchr_id` int(10) NOT NULL,
  `cls_id` int(10) NOT NULL,
  `course_id` int(10) NOT NULL,
  `course` tinytext NOT NULL,
  `date` date NOT NULL,
  `firstname` tinytext NOT NULL,
  `finalexam` tinytext NOT NULL
) ENGINE=InnoDB DEFAULT CHARSET=latin1;

--
-- Dumping data for table `finalresult`
--

INSERT INTO `finalresult` (`rslt_id`, `std_id`, `tchr_id`, `cls_id`, `course_id`, `course`, `date`, `firstname`, `finalexam`) VALUES
(1, 1, 1, 8, 1, 'Bangla 1st', '2018-07-06', 'Nurul huda', '90'),
(2, 2, 1, 8, 1, 'Bangla 1st', '2018-07-06', 'shamsul huda ', '97'),
(3, 3, 1, 8, 1, 'Bangla 1st', '2018-07-06', 'Main Uddin', '54'),
(4, 4, 1, 8, 1, 'Bangla 1st', '2018-07-06', 'Muntasir ', '60'),
(5, 5, 1, 8, 1, 'Bangla 1st', '2018-07-06', 'Atatur Azm', '75'),
(6, 6, 1, 8, 1, 'Bangla 1st', '2018-07-06', 'faruk', '89'),
(7, 7, 1, 8, 1, 'Bangla 1st', '2018-07-06', 'rezaul  karim', '56'),
(8, 8, 1, 8, 1, 'Bangla 1st', '2018-07-06', 'abdul awal ', '87'),
(9, 9, 1, 8, 1, 'Bangla 1st', '2018-07-06', 'rakib uddin', '45'),
(10, 10, 1, 8, 1, 'Bangla 1st', '2018-07-06', 'monjur ', '67'),
(11, 11, 1, 8, 1, 'Bangla 1st', '2018-07-06', 'Nahid ansary', '36'),
(12, 12, 1, 8, 1, 'Bangla 1st', '2018-07-06', 'tofayel', '95'),
(13, 1, 2, 8, 2, 'English 1st', '2018-07-06', 'Nurul huda', '0'),
(14, 2, 2, 8, 2, 'English 1st', '2018-07-06', 'shamsul huda ', '75'),
(15, 3, 2, 8, 2, 'English 1st', '2018-07-06', 'Main Uddin', '87'),
(16, 4, 2, 8, 2, 'English 1st', '2018-07-06', 'Muntasir ', '56'),
(17, 5, 2, 8, 2, 'English 1st', '2018-07-06', 'Atatur Azm', '46'),
(18, 6, 2, 8, 2, 'English 1st', '2018-07-06', 'faruk', '57'),
(19, 7, 2, 8, 2, 'English 1st', '2018-07-06', 'rezaul  karim', '58'),
(20, 8, 2, 8, 2, 'English 1st', '2018-07-06', 'abdul awal ', '43'),
(21, 9, 2, 8, 2, 'English 1st', '2018-07-06', 'rakib uddin', '97'),
(22, 10, 2, 8, 2, 'English 1st', '2018-07-06', 'monjur ', '78'),
(23, 11, 2, 8, 2, 'English 1st', '2018-07-06', 'Nahid ansary', '57'),
(24, 12, 2, 8, 2, 'English 1st', '2018-07-06', 'tofayel', '65'),
(25, 1, 3, 8, 3, 'Social Science', '2018-07-06', 'Nurul huda', '87'),
(26, 2, 3, 8, 3, 'Social Science', '2018-07-06', 'shamsul huda ', '78'),
(27, 3, 3, 8, 3, 'Social Science', '2018-07-06', 'Main Uddin', '68'),
(28, 4, 3, 8, 3, 'Social Science', '2018-07-06', 'Muntasir ', '90'),
(29, 5, 3, 8, 3, 'Social Science', '2018-07-06', 'Atatur Azm', '96'),
(30, 6, 3, 8, 3, 'Social Science', '2018-07-06', 'faruk', '57'),
(31, 7, 3, 8, 3, 'Social Science', '2018-07-06', 'rezaul  karim', '49'),
(32, 8, 3, 8, 3, 'Social Science', '2018-07-06', 'abdul awal ', '65'),
(33, 9, 3, 8, 3, 'Social Science', '2018-07-06', 'rakib uddin', '98'),
(34, 10, 3, 8, 3, 'Social Science', '2018-07-06', 'monjur ', '78'),
(35, 11, 3, 8, 3, 'Social Science', '2018-07-06', 'Nahid ansary', '65'),
(36, 12, 3, 8, 3, 'Social Science', '2018-07-06', 'tofayel', '88'),
(37, 1, 4, 8, 4, 'Mathmatics', '2018-07-06', 'Nurul huda', '97'),
(38, 2, 4, 8, 4, 'Mathmatics', '2018-07-06', 'shamsul huda ', '87'),
(39, 3, 4, 8, 4, 'Mathmatics', '2018-07-06', 'Main Uddin', '79'),
(40, 4, 4, 8, 4, 'Mathmatics', '2018-07-06', 'Muntasir ', '89'),
(41, 5, 4, 8, 4, 'Mathmatics', '2018-07-06', 'Atatur Azm', '87'),
(42, 6, 4, 8, 4, 'Mathmatics', '2018-07-06', 'faruk', '67'),
(43, 7, 4, 8, 4, 'Mathmatics', '2018-07-06', 'rezaul  karim', '59'),
(44, 8, 4, 8, 4, 'Mathmatics', '2018-07-06', 'abdul awal ', '69'),
(45, 9, 4, 8, 4, 'Mathmatics', '2018-07-06', 'rakib uddin', '90'),
(46, 10, 4, 8, 4, 'Mathmatics', '2018-07-06', 'monjur ', '70'),
(47, 11, 4, 8, 4, 'Mathmatics', '2018-07-06', 'Nahid ansary', '59'),
(48, 12, 4, 8, 4, 'Mathmatics', '2018-07-06', 'tofayel', '88'),
(49, 1, 5, 8, 10, 'Bangla 2nd', '2018-07-06', 'Nurul huda', '68'),
(50, 2, 5, 8, 10, 'Bangla 2nd', '2018-07-06', 'shamsul huda ', '86'),
(51, 3, 5, 8, 10, 'Bangla 2nd', '2018-07-06', 'Main Uddin', '68'),
(52, 4, 5, 8, 10, 'Bangla 2nd', '2018-07-06', 'Muntasir ', '99'),
(53, 5, 5, 8, 10, 'Bangla 2nd', '2018-07-06', 'Atatur Azm', '68'),
(54, 6, 5, 8, 10, 'Bangla 2nd', '2018-07-06', 'faruk', '86'),
(55, 7, 5, 8, 10, 'Bangla 2nd', '2018-07-06', 'rezaul  karim', '75'),
(56, 8, 5, 8, 10, 'Bangla 2nd', '2018-07-06', 'abdul awal ', '76'),
(57, 9, 5, 8, 10, 'Bangla 2nd', '2018-07-06', 'rakib uddin', '87'),
(58, 10, 5, 8, 10, 'Bangla 2nd', '2018-07-06', 'monjur ', '57'),
(59, 11, 5, 8, 10, 'Bangla 2nd', '2018-07-06', 'Nahid ansary', '87'),
(60, 12, 5, 8, 10, 'Bangla 2nd', '2018-07-06', 'tofayel', '76'),
(61, 1, 6, 8, 6, 'English 2nd', '2018-07-06', 'Nurul huda', '86'),
(62, 2, 6, 8, 6, 'English 2nd', '2018-07-06', 'shamsul huda ', '98'),
(63, 3, 6, 8, 6, 'English 2nd', '2018-07-06', 'Main Uddin', '76'),
(64, 4, 6, 8, 6, 'English 2nd', '2018-07-06', 'Muntasir ', '69'),
(65, 5, 6, 8, 6, 'English 2nd', '2018-07-06', 'Atatur Azm', '86'),
(66, 6, 6, 8, 6, 'English 2nd', '2018-07-06', 'faruk', '50'),
(67, 7, 6, 8, 6, 'English 2nd', '2018-07-06', 'rezaul  karim', '75'),
(68, 8, 6, 8, 6, 'English 2nd', '2018-07-06', 'abdul awal ', '84'),
(69, 9, 6, 8, 6, 'English 2nd', '2018-07-06', 'rakib uddin', '39'),
(70, 10, 6, 8, 6, 'English 2nd', '2018-07-06', 'monjur ', '76'),
(71, 11, 6, 8, 6, 'English 2nd', '2018-07-06', 'Nahid ansary', '80'),
(72, 12, 6, 8, 6, 'English 2nd', '2018-07-06', 'tofayel', '99'),
(73, 1, 7, 8, 7, 'Islam', '2018-07-06', 'Nurul huda', '88'),
(74, 2, 7, 8, 7, 'Islam', '2018-07-06', 'shamsul huda ', '77'),
(75, 3, 7, 8, 7, 'Islam', '2018-07-06', 'Main Uddin', '66'),
(76, 4, 7, 8, 7, 'Islam', '2018-07-06', 'Muntasir ', '55'),
(77, 5, 7, 8, 7, 'Islam', '2018-07-06', 'Atatur Azm', '50'),
(78, 6, 7, 8, 7, 'Islam', '2018-07-06', 'faruk', '99'),
(79, 7, 7, 8, 7, 'Islam', '2018-07-06', 'rezaul  karim', '90'),
(80, 8, 7, 8, 7, 'Islam', '2018-07-06', 'abdul awal ', '80'),
(81, 9, 7, 8, 7, 'Islam', '2018-07-06', 'rakib uddin', '70'),
(82, 10, 7, 8, 7, 'Islam', '2018-07-06', 'monjur ', '87'),
(83, 11, 7, 8, 7, 'Islam', '2018-07-06', 'Nahid ansary', '76'),
(84, 12, 7, 8, 7, 'Islam', '2018-07-06', 'tofayel', '89'),
(85, 1, 8, 8, 8, 'ICT', '2018-07-06', 'Nurul huda', '55'),
(86, 2, 8, 8, 8, 'ICT', '2018-07-06', 'shamsul huda ', '66'),
(87, 3, 8, 8, 8, 'ICT', '2018-07-06', 'Main Uddin', '44'),
(88, 4, 8, 8, 8, 'ICT', '2018-07-06', 'Muntasir ', '77'),
(89, 5, 8, 8, 8, 'ICT', '2018-07-06', 'Atatur Azm', '33'),
(90, 6, 8, 8, 8, 'ICT', '2018-07-06', 'faruk', '88'),
(91, 7, 8, 8, 8, 'ICT', '2018-07-06', 'rezaul  karim', '99'),
(92, 8, 8, 8, 8, 'ICT', '2018-07-06', 'abdul awal ', '80'),
(93, 9, 8, 8, 8, 'ICT', '2018-07-06', 'rakib uddin', '90'),
(94, 10, 8, 8, 8, 'ICT', '2018-07-06', 'monjur ', '98'),
(95, 11, 8, 8, 8, 'ICT', '2018-07-06', 'Nahid ansary', '76'),
(96, 12, 8, 8, 8, 'ICT', '2018-07-06', 'tofayel', '54'),
(97, 1, 9, 8, 9, 'Genarel Science', '2018-07-06', 'Nurul huda', '90'),
(98, 2, 9, 8, 9, 'Genarel Science', '2018-07-06', 'shamsul huda ', '80'),
(99, 3, 9, 8, 9, 'Genarel Science', '2018-07-06', 'Main Uddin', '70'),
(100, 4, 9, 8, 9, 'Genarel Science', '2018-07-06', 'Muntasir ', '60'),
(101, 5, 9, 8, 9, 'Genarel Science', '2018-07-06', 'Atatur Azm', '98'),
(102, 6, 9, 8, 9, 'Genarel Science', '2018-07-06', 'faruk', '99'),
(103, 7, 9, 8, 9, 'Genarel Science', '2018-07-06', 'rezaul  karim', '77'),
(104, 8, 9, 8, 9, 'Genarel Science', '2018-07-06', 'abdul awal ', '66'),
(105, 9, 9, 8, 9, 'Genarel Science', '2018-07-06', 'rakib uddin', '55'),
(106, 10, 9, 8, 9, 'Genarel Science', '2018-07-06', 'monjur ', '50'),
(107, 11, 9, 8, 9, 'Genarel Science', '2018-07-06', 'Nahid ansary', '40'),
(108, 12, 9, 8, 9, 'Genarel Science', '2018-07-06', 'tofayel', '88'),
(109, 1, 10, 8, 11, 'Agriculture', '2018-07-06', 'Nurul huda', '90'),
(110, 2, 10, 8, 11, 'Agriculture', '2018-07-06', 'shamsul huda ', '87'),
(111, 3, 10, 8, 11, 'Agriculture', '2018-07-06', 'Main Uddin', '87'),
(112, 4, 10, 8, 11, 'Agriculture', '2018-07-06', 'Muntasir ', '89'),
(113, 5, 10, 8, 11, 'Agriculture', '2018-07-06', 'Atatur Azm', '89'),
(114, 6, 10, 8, 11, 'Agriculture', '2018-07-06', 'faruk', '77'),
(115, 7, 10, 8, 11, 'Agriculture', '2018-07-06', 'rezaul  karim', '88'),
(116, 8, 10, 8, 11, 'Agriculture', '2018-07-06', 'abdul awal ', '99'),
(117, 9, 10, 8, 11, 'Agriculture', '2018-07-06', 'rakib uddin', '77'),
(118, 10, 10, 8, 11, 'Agriculture', '2018-07-06', 'monjur ', '66'),
(119, 11, 10, 8, 11, 'Agriculture', '2018-07-06', 'Nahid ansary', '77'),
(120, 12, 10, 8, 11, 'Agriculture', '2018-07-06', 'tofayel', '90'),
(122, 14, 5, 7, 39, 'Islamic Studies', '2018-07-30', 'al farabe', '08'),
(123, 15, 5, 7, 39, 'Islamic Studies', '2018-07-30', 'Kamrul ', '68'),
(124, 16, 5, 7, 39, 'Islamic Studies', '2018-07-30', 'Rakibul', '64'),
(125, 17, 5, 7, 39, 'Islamic Studies', '2018-07-30', 'rezauzzaman', '75'),
(126, 18, 5, 7, 39, 'Islamic Studies', '2018-07-30', 'Maksudur rahman', '86'),
(127, 19, 5, 7, 39, 'Islamic Studies', '2018-07-30', 'mahbub', '87'),
(128, 20, 5, 7, 39, 'Islamic Studies', '2018-07-30', 'Tanim', '55'),
(129, 21, 5, 7, 39, 'Islamic Studies', '2018-07-30', 'Anik ', '77'),
(130, 22, 5, 7, 39, 'Islamic Studies', '2018-07-30', 'abud asid', '55'),
(131, 23, 5, 7, 39, 'Islamic Studies', '2018-07-30', 'Maniruzzaman ', '76'),
(132, 24, 5, 7, 39, 'Islamic Studies', '2018-07-30', 'Ruble', '86'),
(133, 25, 5, 7, 39, 'Islamic Studies', '2018-07-30', 'Moniruzzaman', '85'),
(134, 26, 5, 7, 39, 'Islamic Studies', '2018-07-30', 'amirul', '85'),
(135, 27, 5, 7, 39, 'Islamic Studies', '2018-07-30', 'Babul', '86'),
(136, 28, 5, 7, 39, 'Islamic Studies', '2018-07-30', 'Bristi ', '66'),
(137, 43, 5, 7, 39, 'Islamic Studies', '2018-07-30', 'moshfiq', '65'),
(138, 84, 5, 7, 39, 'Islamic Studies', '2018-07-30', 'Muntasir', '6'),
(139, 30, 5, 1, 30, 'Mathmatics', '2018-07-30', 'mou', '66'),
(140, 31, 5, 1, 30, 'Mathmatics', '2018-07-30', 'Rena', '77'),
(141, 32, 5, 1, 30, 'Mathmatics', '2018-07-30', 'saddam', '44'),
(142, 33, 5, 1, 30, 'Mathmatics', '2018-07-30', 'saidul', '33'),
(143, 34, 5, 1, 30, 'Mathmatics', '2018-07-30', 'moshfiq', '99'),
(144, 44, 5, 1, 30, 'Mathmatics', '2018-07-30', 'shahin', '65'),
(145, 53, 5, 1, 30, 'Mathmatics', '2018-07-30', 'Rubel', '29'),
(146, 62, 5, 1, 30, 'Mathmatics', '2018-07-30', 'Atatu Azim', '63'),
(147, 77, 5, 1, 30, 'Mathmatics', '2018-07-30', 'Al Mahedy', '95'),
(148, 78, 5, 1, 30, 'Mathmatics', '2018-07-30', 'Muntasir', '75'),
(149, 88, 5, 1, 30, 'Mathmatics', '2018-07-30', 'tofayel', '88'),
(150, 96, 5, 1, 30, 'Mathmatics', '2018-07-30', 'Rezaul ', '56'),
(151, 35, 5, 2, 31, 'Mathmatics', '2018-07-30', 'moshfiq', '27'),
(152, 45, 5, 2, 31, 'Mathmatics', '2018-07-30', 'Shain', '87'),
(153, 54, 5, 2, 31, 'Mathmatics', '2018-07-30', 'Rubel', '56'),
(154, 63, 5, 2, 31, 'Mathmatics', '2018-07-30', 'Atatu Azim', '86'),
(155, 71, 5, 2, 31, 'Mathmatics', '2018-07-30', 'Al Mahedy', '86'),
(156, 79, 5, 2, 31, 'Mathmatics', '2018-07-30', 'Muntasir', '56'),
(157, 89, 5, 2, 31, 'Mathmatics', '2018-07-30', 'tofayel', '56'),
(158, 97, 5, 2, 31, 'Mathmatics', '2018-07-30', 'REzaul ', '76'),
(159, 30, 1, 1, 15, 'Bangla ', '2018-07-30', 'mou', '76'),
(160, 31, 1, 1, 15, 'Bangla ', '2018-07-30', 'Rena', '88'),
(161, 32, 1, 1, 15, 'Bangla ', '2018-07-30', 'saddam', '56'),
(162, 33, 1, 1, 15, 'Bangla ', '2018-07-30', 'saidul', '45'),
(163, 34, 1, 1, 15, 'Bangla ', '2018-07-30', 'moshfiq', '75'),
(164, 44, 1, 1, 15, 'Bangla ', '2018-07-30', 'shahin', '75'),
(165, 53, 1, 1, 15, 'Bangla ', '2018-07-30', 'Rubel', '75'),
(166, 62, 1, 1, 15, 'Bangla ', '2018-07-30', 'Atatu Azim', '76'),
(167, 77, 1, 1, 15, 'Bangla ', '2018-07-30', 'Al Mahedy', '86'),
(168, 78, 1, 1, 15, 'Bangla ', '2018-07-30', 'Muntasir', '86'),
(169, 88, 1, 1, 15, 'Bangla ', '2018-07-30', 'tofayel', '86'),
(170, 96, 1, 1, 15, 'Bangla ', '2018-07-30', 'Rezaul ', '86'),
(171, 14, 1, 7, 40, 'Bangla 2nd', '2018-07-30', 'al farabe', '77'),
(172, 15, 1, 7, 40, 'Bangla 2nd', '2018-07-30', 'Kamrul ', '67'),
(173, 16, 1, 7, 40, 'Bangla 2nd', '2018-07-30', 'Rakibul', '88'),
(174, 17, 1, 7, 40, 'Bangla 2nd', '2018-07-30', 'rezauzzaman', '56'),
(175, 18, 1, 7, 40, 'Bangla 2nd', '2018-07-30', 'Maksudur rahman', '85'),
(176, 19, 1, 7, 40, 'Bangla 2nd', '2018-07-30', 'mahbub', '76'),
(177, 20, 1, 7, 40, 'Bangla 2nd', '2018-07-30', 'Tanim', '88'),
(178, 21, 1, 7, 40, 'Bangla 2nd', '2018-07-30', 'Anik ', '55'),
(179, 22, 1, 7, 40, 'Bangla 2nd', '2018-07-30', 'abud asid', '88'),
(180, 23, 1, 7, 40, 'Bangla 2nd', '2018-07-30', 'Maniruzzaman ', '55'),
(181, 24, 1, 7, 40, 'Bangla 2nd', '2018-07-30', 'Ruble', '88'),
(182, 25, 1, 7, 40, 'Bangla 2nd', '2018-07-30', 'Moniruzzaman', '55'),
(183, 26, 1, 7, 40, 'Bangla 2nd', '2018-07-30', 'amirul', '77'),
(184, 27, 1, 7, 40, 'Bangla 2nd', '2018-07-30', 'Babul', '55'),
(185, 28, 1, 7, 40, 'Bangla 2nd', '2018-07-30', 'Bristi ', '66'),
(186, 43, 1, 7, 40, 'Bangla 2nd', '2018-07-30', 'moshfiq', '88'),
(187, 84, 1, 7, 40, 'Bangla 2nd', '2018-07-30', 'Muntasir', '88'),
(188, 13, 1, 6, 14, 'Bangla 1 st', '2018-07-30', 'tarek', '76'),
(189, 39, 1, 6, 14, 'Bangla 1 st', '2018-07-30', 'moshfiq', '99'),
(190, 49, 1, 6, 14, 'Bangla 1 st', '2018-07-30', 'Shain', '88'),
(191, 58, 1, 6, 14, 'Bangla 1 st', '2018-07-30', 'Rubel', '77'),
(192, 67, 1, 6, 14, 'Bangla 1 st', '2018-07-30', 'Atatu Azim', '66'),
(193, 75, 1, 6, 14, 'Bangla 1 st', '2018-07-30', 'Al Mahedy', '55'),
(194, 83, 1, 6, 14, 'Bangla 1 st', '2018-07-30', 'Muntasir', '44'),
(195, 93, 1, 6, 14, 'Bangla 1 st', '2018-07-30', 'tofayel', '33'),
(196, 13, 11, 6, 25, 'ICT', '2018-07-30', 'tarek', '77'),
(197, 39, 11, 6, 25, 'ICT', '2018-07-30', 'moshfiq', '44'),
(198, 49, 11, 6, 25, 'ICT', '2018-07-30', 'Shain', '66'),
(199, 58, 11, 6, 25, 'ICT', '2018-07-30', 'Rubel', '88'),
(200, 67, 11, 6, 25, 'ICT', '2018-07-30', 'Atatu Azim', '99'),
(201, 75, 11, 6, 25, 'ICT', '2018-07-30', 'Al Mahedy', '55'),
(202, 83, 11, 6, 25, 'ICT', '2018-07-30', 'Muntasir', '77'),
(203, 93, 11, 6, 25, 'ICT', '2018-07-30', 'tofayel', '99'),
(204, 1, 11, 8, 26, 'ICT', '2018-07-30', 'Nurul huda', '88'),
(205, 2, 11, 8, 26, 'ICT', '2018-07-30', 'shamsul huda ', '00'),
(206, 3, 11, 8, 26, 'ICT', '2018-07-30', 'Main Uddin', '99'),
(207, 4, 11, 8, 26, 'ICT', '2018-07-30', 'Muntasir ', '77'),
(208, 5, 11, 8, 26, 'ICT', '2018-07-30', 'Atatur Azm', '88'),
(209, 6, 11, 8, 26, 'ICT', '2018-07-30', 'faruk', '66'),
(210, 7, 11, 8, 26, 'ICT', '2018-07-30', 'rezaul  karim', '88'),
(211, 8, 11, 8, 26, 'ICT', '2018-07-30', 'abdul awal ', '55'),
(212, 9, 11, 8, 26, 'ICT', '2018-07-30', 'rakib uddin', '77'),
(213, 10, 11, 8, 26, 'ICT', '2018-07-30', 'monjur ', '88'),
(214, 11, 11, 8, 26, 'ICT', '2018-07-30', 'Nahid ansary', '66'),
(215, 12, 11, 8, 26, 'ICT', '2018-07-30', 'tofayel', '88'),
(216, 40, 11, 8, 26, 'ICT', '2018-07-30', 'moshfiq', '66'),
(217, 50, 11, 8, 26, 'ICT', '2018-07-30', 'Shain', '88'),
(218, 76, 11, 8, 26, 'ICT', '2018-07-30', 'Al Mahedy', '65'),
(219, 85, 11, 8, 26, 'ICT', '2018-07-30', 'Muntasir', '88'),
(220, 41, 11, 9, 27, 'ICT', '2018-07-30', 'moshfiq', '44'),
(221, 51, 11, 9, 27, 'ICT', '2018-07-30', 'Shain', '88'),
(222, 59, 11, 9, 27, 'ICT', '2018-07-30', 'Rubel', '33'),
(223, 61, 11, 9, 27, 'ICT', '2018-07-30', 'Raju', '22'),
(224, 68, 11, 9, 27, 'ICT', '2018-07-30', 'Atatu Azim', '66'),
(225, 86, 11, 9, 27, 'ICT', '2018-07-30', 'Muntasir', '88'),
(226, 94, 11, 9, 27, 'ICT', '2018-07-30', 'tofayel', '55'),
(227, 42, 11, 10, 34, 'Physics ', '2018-07-30', 'moshfiq', '77'),
(228, 52, 11, 10, 34, 'Physics ', '2018-07-30', 'Shain', '77'),
(229, 60, 11, 10, 34, 'Physics ', '2018-07-30', 'Rubel', '44'),
(230, 69, 11, 10, 34, 'Physics ', '2018-07-30', 'Atatu Azim', '66'),
(231, 70, 11, 10, 34, 'Physics ', '2018-07-30', 'Al Mahedy', '44'),
(232, 87, 11, 10, 34, 'Physics ', '2018-07-30', 'Muntasir', '66'),
(233, 14, 8, 7, 36, 'Genarel Science', '2018-07-31', 'al farabe', '70'),
(234, 15, 8, 7, 36, 'Genarel Science', '2018-07-31', 'Kamrul ', '65'),
(235, 16, 8, 7, 36, 'Genarel Science', '2018-07-31', 'Rakibul', '76'),
(236, 17, 8, 7, 36, 'Genarel Science', '2018-07-31', 'rezauzzaman', '45'),
(237, 18, 8, 7, 36, 'Genarel Science', '2018-07-31', 'Maksudur rahman', '76'),
(238, 19, 8, 7, 36, 'Genarel Science', '2018-07-31', 'mahbub', '76'),
(239, 20, 8, 7, 36, 'Genarel Science', '2018-07-31', 'Tanim', '40'),
(240, 21, 8, 7, 36, 'Genarel Science', '2018-07-31', 'Anik ', '64'),
(241, 22, 8, 7, 36, 'Genarel Science', '2018-07-31', 'abud asid', '65'),
(242, 23, 8, 7, 36, 'Genarel Science', '2018-07-31', 'Maniruzzaman ', '78'),
(243, 24, 8, 7, 36, 'Genarel Science', '2018-07-31', 'Ruble', '56'),
(244, 25, 8, 7, 36, 'Genarel Science', '2018-07-31', 'Moniruzzaman', '44'),
(245, 26, 8, 7, 36, 'Genarel Science', '2018-07-31', 'amirul', '77'),
(246, 27, 8, 7, 36, 'Genarel Science', '2018-07-31', 'Babul', '55'),
(247, 28, 8, 7, 36, 'Genarel Science', '2018-07-31', 'Bristi ', '88'),
(248, 43, 8, 7, 36, 'Genarel Science', '2018-07-31', 'moshfiq', '80'),
(249, 84, 8, 7, 36, 'Genarel Science', '2018-07-31', 'Muntasir', '60'),
(250, 41, 10, 9, 29, 'English1st', '2018-07-31', 'moshfiq', '79'),
(251, 51, 10, 9, 29, 'English1st', '2018-07-31', 'Shain', '87'),
(252, 59, 10, 9, 29, 'English1st', '2018-07-31', 'Rubel', '56'),
(253, 61, 10, 9, 29, 'English1st', '2018-07-31', 'Raju', '49'),
(254, 68, 10, 9, 29, 'English1st', '2018-07-31', 'Atatu Azim', '87'),
(255, 86, 10, 9, 29, 'English1st', '2018-07-31', 'Muntasir', '56'),
(256, 94, 10, 9, 29, 'English1st', '2018-07-31', 'tofayel', '55'),
(257, 14, 10, 7, 37, 'Bangla 1 st', '2018-07-31', 'al farabe', '80'),
(258, 15, 10, 7, 37, 'Bangla 1 st', '2018-07-31', 'Kamrul ', '90'),
(259, 16, 10, 7, 37, 'Bangla 1 st', '2018-07-31', 'Rakibul', '60'),
(260, 17, 10, 7, 37, 'Bangla 1 st', '2018-07-31', 'rezauzzaman', '50'),
(261, 18, 10, 7, 37, 'Bangla 1 st', '2018-07-31', 'Maksudur rahman', '60'),
(262, 19, 10, 7, 37, 'Bangla 1 st', '2018-07-31', 'mahbub', '40'),
(263, 20, 10, 7, 37, 'Bangla 1 st', '2018-07-31', 'Tanim', '90'),
(264, 21, 10, 7, 37, 'Bangla 1 st', '2018-07-31', 'Anik ', '70'),
(265, 22, 10, 7, 37, 'Bangla 1 st', '2018-07-31', 'abud asid', '60'),
(266, 23, 10, 7, 37, 'Bangla 1 st', '2018-07-31', 'Maniruzzaman ', '80'),
(267, 24, 10, 7, 37, 'Bangla 1 st', '2018-07-31', 'Ruble', '76'),
(268, 25, 10, 7, 37, 'Bangla 1 st', '2018-07-31', 'Moniruzzaman', '85'),
(269, 26, 10, 7, 37, 'Bangla 1 st', '2018-07-31', 'amirul', '07'),
(270, 27, 10, 7, 37, 'Bangla 1 st', '2018-07-31', 'Babul', '50'),
(271, 28, 10, 7, 37, 'Bangla 1 st', '2018-07-31', 'Bristi ', '60'),
(272, 43, 10, 7, 37, 'Bangla 1 st', '2018-07-31', 'moshfiq', '50'),
(273, 84, 10, 7, 37, 'Bangla 1 st', '2018-07-31', 'Muntasir', '90'),
(274, 14, 6, 7, 12, 'English 2nd', '2018-07-31', 'al farabe', '50'),
(275, 15, 6, 7, 12, 'English 2nd', '2018-07-31', 'Kamrul ', '90'),
(276, 16, 6, 7, 12, 'English 2nd', '2018-07-31', 'Rakibul', '70'),
(277, 17, 6, 7, 12, 'English 2nd', '2018-07-31', 'rezauzzaman', '60'),
(278, 18, 6, 7, 12, 'English 2nd', '2018-07-31', 'Maksudur rahman', '70'),
(279, 19, 6, 7, 12, 'English 2nd', '2018-07-31', 'mahbub', '87'),
(280, 20, 6, 7, 12, 'English 2nd', '2018-07-31', 'Tanim', '90'),
(281, 21, 6, 7, 12, 'English 2nd', '2018-07-31', 'Anik ', '60'),
(282, 22, 6, 7, 12, 'English 2nd', '2018-07-31', 'abud asid', '60'),
(283, 23, 6, 7, 12, 'English 2nd', '2018-07-31', 'Maniruzzaman ', '70'),
(284, 24, 6, 7, 12, 'English 2nd', '2018-07-31', 'Ruble', '70'),
(285, 25, 6, 7, 12, 'English 2nd', '2018-07-31', 'Moniruzzaman', '70'),
(286, 26, 6, 7, 12, 'English 2nd', '2018-07-31', 'amirul', '80'),
(287, 27, 6, 7, 12, 'English 2nd', '2018-07-31', 'Babul', '90'),
(288, 28, 6, 7, 12, 'English 2nd', '2018-07-31', 'Bristi ', '70'),
(289, 43, 6, 7, 12, 'English 2nd', '2018-07-31', 'moshfiq', '60'),
(290, 84, 6, 7, 12, 'English 2nd', '2018-07-31', 'Muntasir', '70'),
(291, 14, 2, 7, 19, 'Mathematics', '2018-07-31', 'al farabe', '60'),
(292, 15, 2, 7, 19, 'Mathematics', '2018-07-31', 'Kamrul ', '80'),
(293, 16, 2, 7, 19, 'Mathematics', '2018-07-31', 'Rakibul', '60'),
(294, 17, 2, 7, 19, 'Mathematics', '2018-07-31', 'rezauzzaman', '50'),
(295, 18, 2, 7, 19, 'Mathematics', '2018-07-31', 'Maksudur rahman', '80'),
(296, 19, 2, 7, 19, 'Mathematics', '2018-07-31', 'mahbub', '90'),
(297, 20, 2, 7, 19, 'Mathematics', '2018-07-31', 'Tanim', '80'),
(298, 21, 2, 7, 19, 'Mathematics', '2018-07-31', 'Anik ', '70'),
(299, 22, 2, 7, 19, 'Mathematics', '2018-07-31', 'abud asid', '70'),
(300, 23, 2, 7, 19, 'Mathematics', '2018-07-31', 'Maniruzzaman ', '80'),
(301, 24, 2, 7, 19, 'Mathematics', '2018-07-31', 'Ruble', '60'),
(302, 25, 2, 7, 19, 'Mathematics', '2018-07-31', 'Moniruzzaman', '50'),
(303, 26, 2, 7, 19, 'Mathematics', '2018-07-31', 'amirul', '60'),
(304, 27, 2, 7, 19, 'Mathematics', '2018-07-31', 'Babul', '60'),
(305, 28, 2, 7, 19, 'Mathematics', '2018-07-31', 'Bristi ', '50'),
(306, 43, 2, 7, 19, 'Mathematics', '2018-07-31', 'moshfiq', '59'),
(307, 84, 2, 7, 19, 'Mathematics', '2018-07-31', 'Muntasir', '70'),
(308, 14, 3, 7, 23, 'Social Science', '2018-07-31', 'al farabe', '80'),
(309, 15, 3, 7, 23, 'Social Science', '2018-07-31', 'Kamrul ', '60'),
(310, 16, 3, 7, 23, 'Social Science', '2018-07-31', 'Rakibul', '50'),
(311, 17, 3, 7, 23, 'Social Science', '2018-07-31', 'rezauzzaman', '40'),
(312, 18, 3, 7, 23, 'Social Science', '2018-07-31', 'Maksudur rahman', '80'),
(313, 19, 3, 7, 23, 'Social Science', '2018-07-31', 'mahbub', '70'),
(314, 20, 3, 7, 23, 'Social Science', '2018-07-31', 'Tanim', '80'),
(315, 21, 3, 7, 23, 'Social Science', '2018-07-31', 'Anik ', '90'),
(316, 22, 3, 7, 23, 'Social Science', '2018-07-31', 'abud asid', '70'),
(317, 23, 3, 7, 23, 'Social Science', '2018-07-31', 'Maniruzzaman ', '60'),
(318, 24, 3, 7, 23, 'Social Science', '2018-07-31', 'Ruble', '50'),
(319, 25, 3, 7, 23, 'Social Science', '2018-07-31', 'Moniruzzaman', '40'),
(320, 26, 3, 7, 23, 'Social Science', '2018-07-31', 'amirul', '50'),
(321, 27, 3, 7, 23, 'Social Science', '2018-07-31', 'Babul', '80'),
(322, 28, 3, 7, 23, 'Social Science', '2018-07-31', 'Bristi ', '70'),
(323, 43, 3, 7, 23, 'Social Science', '2018-07-31', 'moshfiq', '60'),
(324, 84, 3, 7, 23, 'Social Science', '2018-07-31', 'Muntasir', '50'),
(325, 14, 7, 7, 38, 'English 1st', '2018-07-31', 'al farabe', '70'),
(326, 15, 7, 7, 38, 'English 1st', '2018-07-31', 'Kamrul ', '80'),
(327, 16, 7, 7, 38, 'English 1st', '2018-07-31', 'Rakibul', '70'),
(328, 17, 7, 7, 38, 'English 1st', '2018-07-31', 'rezauzzaman', '60'),
(329, 18, 7, 7, 38, 'English 1st', '2018-07-31', 'Maksudur rahman', '90'),
(330, 19, 7, 7, 38, 'English 1st', '2018-07-31', 'mahbub', '70'),
(331, 20, 7, 7, 38, 'English 1st', '2018-07-31', 'Tanim', '88'),
(332, 21, 7, 7, 38, 'English 1st', '2018-07-31', 'Anik ', '50'),
(333, 22, 7, 7, 38, 'English 1st', '2018-07-31', 'abud asid', '40'),
(334, 23, 7, 7, 38, 'English 1st', '2018-07-31', 'Maniruzzaman ', '80'),
(335, 24, 7, 7, 38, 'English 1st', '2018-07-31', 'Ruble', '40'),
(336, 25, 7, 7, 38, 'English 1st', '2018-07-31', 'Moniruzzaman', '40'),
(337, 26, 7, 7, 38, 'English 1st', '2018-07-31', 'amirul', '60'),
(338, 27, 7, 7, 38, 'English 1st', '2018-07-31', 'Babul', '50'),
(339, 28, 7, 7, 38, 'English 1st', '2018-07-31', 'Bristi ', '60'),
(340, 43, 7, 7, 38, 'English 1st', '2018-07-31', 'moshfiq', '30'),
(341, 84, 7, 7, 38, 'English 1st', '2018-07-31', 'Muntasir', '60');

-- --------------------------------------------------------

--
-- Table structure for table `message`
--

CREATE TABLE `message` (
  `ms_id` int(10) NOT NULL,
  `std_id` int(10) NOT NULL,
  `tchr_id` int(10) NOT NULL,
  `ad_id` int(10) NOT NULL,
  `message` varchar(50) NOT NULL,
  `messaged` varchar(200) NOT NULL,
  `img_name` varchar(50) NOT NULL,
  `img_path` varchar(50) NOT NULL,
  `img_type` varchar(50) NOT NULL
) ENGINE=InnoDB DEFAULT CHARSET=latin1;

-- --------------------------------------------------------

--
-- Table structure for table `midresult`
--

CREATE TABLE `midresult` (
  `rslt_id` int(10) NOT NULL,
  `std_id` int(10) NOT NULL,
  `tchr_id` int(10) NOT NULL,
  `cls_id` int(10) NOT NULL,
  `course_id` int(10) NOT NULL,
  `course` tinytext NOT NULL,
  `date` date NOT NULL,
  `firstname` tinytext NOT NULL,
  `midexam` tinytext NOT NULL
) ENGINE=InnoDB DEFAULT CHARSET=latin1;

--
-- Dumping data for table `midresult`
--

INSERT INTO `midresult` (`rslt_id`, `std_id`, `tchr_id`, `cls_id`, `course_id`, `course`, `date`, `firstname`, `midexam`) VALUES
(1, 1, 1, 8, 1, 'Bangla 1st', '2018-07-06', 'Nurul huda', '77'),
(2, 2, 1, 8, 1, 'Bangla 1st', '2018-07-06', 'shamsul huda ', '75'),
(3, 3, 1, 8, 1, 'Bangla 1st', '2018-07-06', 'Main Uddin', '80'),
(4, 4, 1, 8, 1, 'Bangla 1st', '2018-07-06', 'Muntasir ', '90'),
(5, 5, 1, 8, 1, 'Bangla 1st', '2018-07-06', 'Atatur Azm', '70'),
(6, 6, 1, 8, 1, 'Bangla 1st', '2018-07-06', 'faruk', '80'),
(7, 7, 1, 8, 1, 'Bangla 1st', '2018-07-06', 'rezaul  karim', '83'),
(8, 8, 1, 8, 1, 'Bangla 1st', '2018-07-06', 'abdul awal ', '55'),
(9, 9, 1, 8, 1, 'Bangla 1st', '2018-07-06', 'rakib uddin', '60'),
(10, 10, 1, 8, 1, 'Bangla 1st', '2018-07-06', 'monjur ', '22'),
(11, 11, 1, 8, 1, 'Bangla 1st', '2018-07-06', 'Nahid ansary', '55'),
(12, 12, 1, 8, 1, 'Bangla 1st', '2018-07-06', 'tofayel', '62'),
(13, 1, 2, 8, 2, 'English 1st', '2018-07-06', 'Nurul huda', '45'),
(14, 2, 2, 8, 2, 'English 1st', '2018-07-06', 'shamsul huda ', '95'),
(15, 3, 2, 8, 2, 'English 1st', '2018-07-06', 'Main Uddin', '56'),
(16, 4, 2, 8, 2, 'English 1st', '2018-07-06', 'Muntasir ', '78'),
(17, 5, 2, 8, 2, 'English 1st', '2018-07-06', 'Atatur Azm', '76'),
(18, 6, 2, 8, 2, 'English 1st', '2018-07-06', 'faruk', '89'),
(19, 7, 2, 8, 2, 'English 1st', '2018-07-06', 'rezaul  karim', '98'),
(20, 8, 2, 8, 2, 'English 1st', '2018-07-06', 'abdul awal ', '76'),
(21, 9, 2, 8, 2, 'English 1st', '2018-07-06', 'rakib uddin', '56'),
(22, 10, 2, 8, 2, 'English 1st', '2018-07-06', 'monjur ', '48'),
(23, 11, 2, 8, 2, 'English 1st', '2018-07-06', 'Nahid ansary', '39'),
(24, 12, 2, 8, 2, 'English 1st', '2018-07-06', 'tofayel', '87'),
(25, 1, 3, 8, 3, 'Social Science', '2018-07-06', 'Nurul huda', '58'),
(26, 2, 3, 8, 3, 'Social Science', '2018-07-06', 'shamsul huda ', '87'),
(27, 3, 3, 8, 3, 'Social Science', '2018-07-06', 'Main Uddin', '89'),
(28, 4, 3, 8, 3, 'Social Science', '2018-07-06', 'Muntasir ', '86'),
(29, 5, 3, 8, 3, 'Social Science', '2018-07-06', 'Atatur Azm', '85'),
(30, 6, 3, 8, 3, 'Social Science', '2018-07-06', 'faruk', '75'),
(31, 7, 3, 8, 3, 'Social Science', '2018-07-06', 'rezaul  karim', '78'),
(32, 8, 3, 8, 3, 'Social Science', '2018-07-06', 'abdul awal ', '76'),
(33, 9, 3, 8, 3, 'Social Science', '2018-07-06', 'rakib uddin', '74'),
(34, 10, 3, 8, 3, 'Social Science', '2018-07-06', 'monjur ', '47'),
(35, 11, 3, 8, 3, 'Social Science', '2018-07-06', 'Nahid ansary', '38'),
(36, 12, 3, 8, 3, 'Social Science', '2018-07-06', 'tofayel', '77'),
(37, 1, 4, 8, 4, 'Mathmatics', '2018-07-06', 'Nurul huda', '68'),
(38, 2, 4, 8, 4, 'Mathmatics', '2018-07-06', 'shamsul huda ', '87'),
(39, 3, 4, 8, 4, 'Mathmatics', '2018-07-06', 'Main Uddin', '69'),
(40, 4, 4, 8, 4, 'Mathmatics', '2018-07-06', 'Muntasir ', '59'),
(41, 5, 4, 8, 4, 'Mathmatics', '2018-07-06', 'Atatur Azm', '79'),
(42, 6, 4, 8, 4, 'Mathmatics', '2018-07-06', 'faruk', '87'),
(43, 7, 4, 8, 4, 'Mathmatics', '2018-07-06', 'rezaul  karim', '68'),
(44, 8, 4, 8, 4, 'Mathmatics', '2018-07-06', 'abdul awal ', '58'),
(45, 9, 4, 8, 4, 'Mathmatics', '2018-07-06', 'rakib uddin', '49'),
(46, 10, 4, 8, 4, 'Mathmatics', '2018-07-06', 'monjur ', '86'),
(47, 11, 4, 8, 4, 'Mathmatics', '2018-07-06', 'Nahid ansary', '88'),
(48, 12, 4, 8, 4, 'Mathmatics', '2018-07-06', 'tofayel', '90'),
(49, 1, 5, 8, 10, 'Bangla 2nd', '2018-07-06', 'Nurul huda', '69'),
(50, 2, 5, 8, 10, 'Bangla 2nd', '2018-07-06', 'shamsul huda ', '87'),
(51, 3, 5, 8, 10, 'Bangla 2nd', '2018-07-06', 'Main Uddin', '80'),
(52, 4, 5, 8, 10, 'Bangla 2nd', '2018-07-06', 'Muntasir ', '60'),
(53, 5, 5, 8, 10, 'Bangla 2nd', '2018-07-06', 'Atatur Azm', '59'),
(54, 6, 5, 8, 10, 'Bangla 2nd', '2018-07-06', 'faruk', '69'),
(55, 7, 5, 8, 10, 'Bangla 2nd', '2018-07-06', 'rezaul  karim', '85'),
(56, 8, 5, 8, 10, 'Bangla 2nd', '2018-07-06', 'abdul awal ', '83'),
(57, 9, 5, 8, 10, 'Bangla 2nd', '2018-07-06', 'rakib uddin', '98'),
(58, 10, 5, 8, 10, 'Bangla 2nd', '2018-07-06', 'monjur ', '98'),
(59, 11, 5, 8, 10, 'Bangla 2nd', '2018-07-06', 'Nahid ansary', '70'),
(60, 12, 5, 8, 10, 'Bangla 2nd', '2018-07-06', 'tofayel', '87'),
(61, 1, 6, 8, 6, 'English 2nd', '2018-07-06', 'Nurul huda', '76'),
(62, 2, 6, 8, 6, 'English 2nd', '2018-07-06', 'shamsul huda ', '79'),
(63, 3, 6, 8, 6, 'English 2nd', '2018-07-06', 'Main Uddin', '65'),
(64, 4, 6, 8, 6, 'English 2nd', '2018-07-06', 'Muntasir ', '89'),
(65, 5, 6, 8, 6, 'English 2nd', '2018-07-06', 'Atatur Azm', '65'),
(66, 6, 6, 8, 6, 'English 2nd', '2018-07-06', 'faruk', '89'),
(67, 7, 6, 8, 6, 'English 2nd', '2018-07-06', 'rezaul  karim', '80'),
(68, 8, 6, 8, 6, 'English 2nd', '2018-07-06', 'abdul awal ', '78'),
(69, 9, 6, 8, 6, 'English 2nd', '2018-07-06', 'rakib uddin', '68'),
(70, 10, 6, 8, 6, 'English 2nd', '2018-07-06', 'monjur ', '44'),
(71, 11, 6, 8, 6, 'English 2nd', '2018-07-06', 'Nahid ansary', '33'),
(72, 12, 6, 8, 6, 'English 2nd', '2018-07-06', 'tofayel', '89'),
(73, 1, 7, 8, 7, 'Islam', '2018-07-06', 'Nurul huda', '76'),
(74, 2, 7, 8, 7, 'Islam', '2018-07-06', 'shamsul huda ', '75'),
(75, 3, 7, 8, 7, 'Islam', '2018-07-06', 'Main Uddin', '90'),
(76, 4, 7, 8, 7, 'Islam', '2018-07-06', 'Muntasir ', '67'),
(77, 5, 7, 8, 7, 'Islam', '2018-07-06', 'Atatur Azm', '57'),
(78, 6, 7, 8, 7, 'Islam', '2018-07-06', 'faruk', '78'),
(79, 7, 7, 8, 7, 'Islam', '2018-07-06', 'rezaul  karim', '79'),
(80, 8, 7, 8, 7, 'Islam', '2018-07-06', 'abdul awal ', '99'),
(81, 9, 7, 8, 7, 'Islam', '2018-07-06', 'rakib uddin', '65'),
(82, 10, 7, 8, 7, 'Islam', '2018-07-06', 'monjur ', '87'),
(83, 11, 7, 8, 7, 'Islam', '2018-07-06', 'Nahid ansary', '68'),
(84, 12, 7, 8, 7, 'Islam', '2018-07-06', 'tofayel', '55'),
(85, 1, 8, 8, 8, 'ICT', '2018-07-06', 'Nurul huda', '77'),
(86, 2, 8, 8, 8, 'ICT', '2018-07-06', 'shamsul huda ', '66'),
(87, 3, 8, 8, 8, 'ICT', '2018-07-06', 'Main Uddin', '55'),
(88, 4, 8, 8, 8, 'ICT', '2018-07-06', 'Muntasir ', '88'),
(89, 5, 8, 8, 8, 'ICT', '2018-07-06', 'Atatur Azm', '99'),
(90, 6, 8, 8, 8, 'ICT', '2018-07-06', 'faruk', '45'),
(91, 7, 8, 8, 8, 'ICT', '2018-07-06', 'rezaul  karim', '44'),
(92, 8, 8, 8, 8, 'ICT', '2018-07-06', 'abdul awal ', '39'),
(93, 9, 8, 8, 8, 'ICT', '2018-07-06', 'rakib uddin', '33'),
(94, 10, 8, 8, 8, 'ICT', '2018-07-06', 'monjur ', '90'),
(95, 11, 8, 8, 8, 'ICT', '2018-07-06', 'Nahid ansary', '87'),
(96, 12, 8, 8, 8, 'ICT', '2018-07-06', 'tofayel', '36'),
(97, 1, 9, 8, 9, 'Genarel Science', '2018-07-06', 'Nurul huda', '66'),
(98, 2, 9, 8, 9, 'Genarel Science', '2018-07-06', 'shamsul huda ', '55'),
(99, 3, 9, 8, 9, 'Genarel Science', '2018-07-06', 'Main Uddin', '77'),
(100, 4, 9, 8, 9, 'Genarel Science', '2018-07-06', 'Muntasir ', '88'),
(101, 5, 9, 8, 9, 'Genarel Science', '2018-07-06', 'Atatur Azm', '99'),
(102, 6, 9, 8, 9, 'Genarel Science', '2018-07-06', 'faruk', '66'),
(103, 7, 9, 8, 9, 'Genarel Science', '2018-07-06', 'rezaul  karim', '55'),
(104, 8, 9, 8, 9, 'Genarel Science', '2018-07-06', 'abdul awal ', '44'),
(105, 9, 9, 8, 9, 'Genarel Science', '2018-07-06', 'rakib uddin', '88'),
(106, 10, 9, 8, 9, 'Genarel Science', '2018-07-06', 'monjur ', '90'),
(107, 11, 9, 8, 9, 'Genarel Science', '2018-07-06', 'Nahid ansary', '97'),
(108, 12, 9, 8, 9, 'Genarel Science', '2018-07-06', 'tofayel', '55'),
(109, 1, 10, 8, 11, 'Agriculture', '2018-07-06', 'Nurul huda', '50'),
(110, 2, 10, 8, 11, 'Agriculture', '2018-07-06', 'shamsul huda ', '90'),
(111, 3, 10, 8, 11, 'Agriculture', '2018-07-06', 'Main Uddin', '80'),
(112, 4, 10, 8, 11, 'Agriculture', '2018-07-06', 'Muntasir ', '87'),
(113, 5, 10, 8, 11, 'Agriculture', '2018-07-06', 'Atatur Azm', '99'),
(114, 6, 10, 8, 11, 'Agriculture', '2018-07-06', 'faruk', '77'),
(115, 7, 10, 8, 11, 'Agriculture', '2018-07-06', 'rezaul  karim', '95'),
(116, 8, 10, 8, 11, 'Agriculture', '2018-07-06', 'abdul awal ', '40'),
(117, 9, 10, 8, 11, 'Agriculture', '2018-07-06', 'rakib uddin', '99'),
(118, 10, 10, 8, 11, 'Agriculture', '2018-07-06', 'monjur ', '77'),
(119, 11, 10, 8, 11, 'Agriculture', '2018-07-06', 'Nahid ansary', '88'),
(120, 12, 10, 8, 11, 'Agriculture', '2018-07-06', 'tofayel', '66'),
(122, 14, 8, 7, 36, 'Genarel Science', '2018-07-30', 'al farabe', '33'),
(123, 15, 8, 7, 36, 'Genarel Science', '2018-07-30', 'Kamrul ', '55'),
(124, 16, 8, 7, 36, 'Genarel Science', '2018-07-30', 'Rakibul', '66'),
(125, 17, 8, 7, 36, 'Genarel Science', '2018-07-30', 'rezauzzaman', '77'),
(126, 18, 8, 7, 36, 'Genarel Science', '2018-07-30', 'Maksudur rahman', '88'),
(127, 19, 8, 7, 36, 'Genarel Science', '2018-07-30', 'mahbub', '56'),
(128, 20, 8, 7, 36, 'Genarel Science', '2018-07-30', 'Tanim', '76'),
(129, 21, 8, 7, 36, 'Genarel Science', '2018-07-30', 'Anik ', '89'),
(130, 22, 8, 7, 36, 'Genarel Science', '2018-07-30', 'abud asid', '87'),
(131, 23, 8, 7, 36, 'Genarel Science', '2018-07-30', 'Maniruzzaman ', '56'),
(132, 24, 8, 7, 36, 'Genarel Science', '2018-07-30', 'Ruble', '86'),
(133, 25, 8, 7, 36, 'Genarel Science', '2018-07-30', 'Moniruzzaman', '97'),
(134, 26, 8, 7, 36, 'Genarel Science', '2018-07-30', 'amirul', '67'),
(135, 27, 8, 7, 36, 'Genarel Science', '2018-07-30', 'Babul', '86'),
(136, 28, 8, 7, 36, 'Genarel Science', '2018-07-30', 'Bristi ', '57'),
(137, 43, 8, 7, 36, 'Genarel Science', '2018-07-30', 'moshfiq', '76'),
(138, 84, 8, 7, 36, 'Genarel Science', '2018-07-30', 'Muntasir', '87'),
(139, 14, 5, 7, 39, 'Islamic Studies', '2018-07-30', 'al farabe', '55'),
(140, 15, 5, 7, 39, 'Islamic Studies', '2018-07-30', 'Kamrul ', '88'),
(141, 16, 5, 7, 39, 'Islamic Studies', '2018-07-30', 'Rakibul', '55'),
(142, 17, 5, 7, 39, 'Islamic Studies', '2018-07-30', 'rezauzzaman', '65'),
(143, 18, 5, 7, 39, 'Islamic Studies', '2018-07-30', 'Maksudur rahman', '75'),
(144, 19, 5, 7, 39, 'Islamic Studies', '2018-07-30', 'mahbub', '87'),
(145, 20, 5, 7, 39, 'Islamic Studies', '2018-07-30', 'Tanim', '67'),
(146, 21, 5, 7, 39, 'Islamic Studies', '2018-07-30', 'Anik ', '87'),
(147, 22, 5, 7, 39, 'Islamic Studies', '2018-07-30', 'abud asid', '56'),
(148, 23, 5, 7, 39, 'Islamic Studies', '2018-07-30', 'Maniruzzaman ', '43'),
(149, 24, 5, 7, 39, 'Islamic Studies', '2018-07-30', 'Ruble', '22'),
(150, 25, 5, 7, 39, 'Islamic Studies', '2018-07-30', 'Moniruzzaman', '76'),
(151, 26, 5, 7, 39, 'Islamic Studies', '2018-07-30', 'amirul', '88'),
(152, 27, 5, 7, 39, 'Islamic Studies', '2018-07-30', 'Babul', '57'),
(153, 28, 5, 7, 39, 'Islamic Studies', '2018-07-30', 'Bristi ', '99'),
(154, 43, 5, 7, 39, 'Islamic Studies', '2018-07-30', 'moshfiq', '55'),
(155, 84, 5, 7, 39, 'Islamic Studies', '2018-07-30', 'Muntasir', '86'),
(156, 30, 5, 1, 30, 'Mathmatics', '2018-07-30', 'mou', '87'),
(157, 31, 5, 1, 30, 'Mathmatics', '2018-07-30', 'Rena', '66'),
(158, 32, 5, 1, 30, 'Mathmatics', '2018-07-30', 'saddam', '55'),
(159, 33, 5, 1, 30, 'Mathmatics', '2018-07-30', 'saidul', '44'),
(160, 34, 5, 1, 30, 'Mathmatics', '2018-07-30', 'moshfiq', '87'),
(161, 44, 5, 1, 30, 'Mathmatics', '2018-07-30', 'shahin', '57'),
(162, 53, 5, 1, 30, 'Mathmatics', '2018-07-30', 'Rubel', '57'),
(163, 62, 5, 1, 30, 'Mathmatics', '2018-07-30', 'Atatu Azim', '97'),
(164, 77, 5, 1, 30, 'Mathmatics', '2018-07-30', 'Al Mahedy', '56'),
(165, 78, 5, 1, 30, 'Mathmatics', '2018-07-30', 'Muntasir', '65'),
(166, 88, 5, 1, 30, 'Mathmatics', '2018-07-30', 'tofayel', '76'),
(167, 96, 5, 1, 30, 'Mathmatics', '2018-07-30', 'Rezaul ', '39'),
(168, 35, 5, 2, 31, 'Mathmatics', '2018-07-30', 'moshfiq', '65'),
(169, 45, 5, 2, 31, 'Mathmatics', '2018-07-30', 'Shain', '87'),
(170, 54, 5, 2, 31, 'Mathmatics', '2018-07-30', 'Rubel', '66'),
(171, 63, 5, 2, 31, 'Mathmatics', '2018-07-30', 'Atatu Azim', '44'),
(172, 71, 5, 2, 31, 'Mathmatics', '2018-07-30', 'Al Mahedy', '86'),
(173, 79, 5, 2, 31, 'Mathmatics', '2018-07-30', 'Muntasir', '33'),
(174, 89, 5, 2, 31, 'Mathmatics', '2018-07-30', 'tofayel', '55'),
(175, 97, 5, 2, 31, 'Mathmatics', '2018-07-30', 'REzaul ', '66'),
(176, 13, 1, 6, 14, 'Bangla 1 st', '2018-07-30', 'tarek', '77'),
(177, 39, 1, 6, 14, 'Bangla 1 st', '2018-07-30', 'moshfiq', '99'),
(178, 49, 1, 6, 14, 'Bangla 1 st', '2018-07-30', 'Shain', '67'),
(179, 58, 1, 6, 14, 'Bangla 1 st', '2018-07-30', 'Rubel', '56'),
(180, 67, 1, 6, 14, 'Bangla 1 st', '2018-07-30', 'Atatu Azim', '47'),
(181, 75, 1, 6, 14, 'Bangla 1 st', '2018-07-30', 'Al Mahedy', '35'),
(182, 83, 1, 6, 14, 'Bangla 1 st', '2018-07-30', 'Muntasir', '75'),
(183, 93, 1, 6, 14, 'Bangla 1 st', '2018-07-30', 'tofayel', '75'),
(184, 30, 1, 1, 15, 'Bangla ', '2018-07-30', 'mou', '87'),
(185, 31, 1, 1, 15, 'Bangla ', '2018-07-30', 'Rena', '67'),
(186, 32, 1, 1, 15, 'Bangla ', '2018-07-30', 'saddam', '54'),
(187, 33, 1, 1, 15, 'Bangla ', '2018-07-30', 'saidul', '87'),
(188, 34, 1, 1, 15, 'Bangla ', '2018-07-30', 'moshfiq', '56'),
(189, 44, 1, 1, 15, 'Bangla ', '2018-07-30', 'shahin', '76'),
(190, 53, 1, 1, 15, 'Bangla ', '2018-07-30', 'Rubel', '56'),
(191, 62, 1, 1, 15, 'Bangla ', '2018-07-30', 'Atatu Azim', '78'),
(192, 77, 1, 1, 15, 'Bangla ', '2018-07-30', 'Al Mahedy', '97'),
(193, 78, 1, 1, 15, 'Bangla ', '2018-07-30', 'Muntasir', '76'),
(194, 88, 1, 1, 15, 'Bangla ', '2018-07-30', 'tofayel', '87'),
(195, 96, 1, 1, 15, 'Bangla ', '2018-07-30', 'Rezaul ', '55'),
(196, 35, 1, 2, 16, 'Bangla ', '2018-07-30', 'moshfiq', '88'),
(197, 45, 1, 2, 16, 'Bangla ', '2018-07-30', 'Shain', '68'),
(198, 54, 1, 2, 16, 'Bangla ', '2018-07-30', 'Rubel', '57'),
(199, 63, 1, 2, 16, 'Bangla ', '2018-07-30', 'Atatu Azim', '97'),
(200, 71, 1, 2, 16, 'Bangla ', '2018-07-30', 'Al Mahedy', '97'),
(201, 79, 1, 2, 16, 'Bangla ', '2018-07-30', 'Muntasir', '97'),
(202, 89, 1, 2, 16, 'Bangla ', '2018-07-30', 'tofayel', '77'),
(203, 97, 1, 2, 16, 'Bangla ', '2018-07-30', 'REzaul ', '67'),
(204, 14, 1, 7, 40, 'Bangla 2nd', '2018-07-30', 'al farabe', '66'),
(205, 15, 1, 7, 40, 'Bangla 2nd', '2018-07-30', 'Kamrul ', '56'),
(206, 16, 1, 7, 40, 'Bangla 2nd', '2018-07-30', 'Rakibul', '76'),
(207, 17, 1, 7, 40, 'Bangla 2nd', '2018-07-30', 'rezauzzaman', '78'),
(208, 18, 1, 7, 40, 'Bangla 2nd', '2018-07-30', 'Maksudur rahman', '57'),
(209, 19, 1, 7, 40, 'Bangla 2nd', '2018-07-30', 'mahbub', '56'),
(210, 20, 1, 7, 40, 'Bangla 2nd', '2018-07-30', 'Tanim', '75'),
(211, 21, 1, 7, 40, 'Bangla 2nd', '2018-07-30', 'Anik ', '75'),
(212, 22, 1, 7, 40, 'Bangla 2nd', '2018-07-30', 'abud asid', '66'),
(213, 23, 1, 7, 40, 'Bangla 2nd', '2018-07-30', 'Maniruzzaman ', '54'),
(214, 24, 1, 7, 40, 'Bangla 2nd', '2018-07-30', 'Ruble', '66'),
(215, 25, 1, 7, 40, 'Bangla 2nd', '2018-07-30', 'Moniruzzaman', '75'),
(216, 26, 1, 7, 40, 'Bangla 2nd', '2018-07-30', 'amirul', '75'),
(217, 27, 1, 7, 40, 'Bangla 2nd', '2018-07-30', 'Babul', '76'),
(218, 28, 1, 7, 40, 'Bangla 2nd', '2018-07-30', 'Bristi ', '86'),
(219, 43, 1, 7, 40, 'Bangla 2nd', '2018-07-30', 'moshfiq', '76'),
(220, 84, 1, 7, 40, 'Bangla 2nd', '2018-07-30', 'Muntasir', '44'),
(221, 13, 11, 6, 25, 'ICT', '2018-07-30', 'tarek', '23'),
(222, 39, 11, 6, 25, 'ICT', '2018-07-30', 'moshfiq', '99'),
(223, 49, 11, 6, 25, 'ICT', '2018-07-30', 'Shain', '77'),
(224, 58, 11, 6, 25, 'ICT', '2018-07-30', 'Rubel', '66'),
(225, 67, 11, 6, 25, 'ICT', '2018-07-30', 'Atatu Azim', '55'),
(226, 75, 11, 6, 25, 'ICT', '2018-07-30', 'Al Mahedy', '66'),
(227, 83, 11, 6, 25, 'ICT', '2018-07-30', 'Muntasir', '77'),
(228, 93, 11, 6, 25, 'ICT', '2018-07-30', 'tofayel', '55'),
(229, 1, 11, 8, 26, 'ICT', '2018-07-30', 'Nurul huda', '77'),
(230, 2, 11, 8, 26, 'ICT', '2018-07-30', 'shamsul huda ', '77'),
(231, 3, 11, 8, 26, 'ICT', '2018-07-30', 'Main Uddin', '66'),
(232, 4, 11, 8, 26, 'ICT', '2018-07-30', 'Muntasir ', '55'),
(233, 5, 11, 8, 26, 'ICT', '2018-07-30', 'Atatur Azm', '66'),
(234, 6, 11, 8, 26, 'ICT', '2018-07-30', 'faruk', '55'),
(235, 7, 11, 8, 26, 'ICT', '2018-07-30', 'rezaul  karim', '66'),
(236, 8, 11, 8, 26, 'ICT', '2018-07-30', 'abdul awal ', '44'),
(237, 9, 11, 8, 26, 'ICT', '2018-07-30', 'rakib uddin', '66'),
(238, 10, 11, 8, 26, 'ICT', '2018-07-30', 'monjur ', '77'),
(239, 11, 11, 8, 26, 'ICT', '2018-07-30', 'Nahid ansary', '88'),
(240, 12, 11, 8, 26, 'ICT', '2018-07-30', 'tofayel', '88'),
(241, 40, 11, 8, 26, 'ICT', '2018-07-30', 'moshfiq', '99'),
(242, 50, 11, 8, 26, 'ICT', '2018-07-30', 'Shain', '77'),
(243, 76, 11, 8, 26, 'ICT', '2018-07-30', 'Al Mahedy', '88'),
(244, 85, 11, 8, 26, 'ICT', '2018-07-30', 'Muntasir', '99'),
(245, 41, 11, 9, 27, 'ICT', '2018-07-30', 'moshfiq', '77'),
(246, 51, 11, 9, 27, 'ICT', '2018-07-30', 'Shain', '66'),
(247, 59, 11, 9, 27, 'ICT', '2018-07-30', 'Rubel', '44'),
(248, 61, 11, 9, 27, 'ICT', '2018-07-30', 'Raju', '33'),
(249, 68, 11, 9, 27, 'ICT', '2018-07-30', 'Atatu Azim', '22'),
(250, 86, 11, 9, 27, 'ICT', '2018-07-30', 'Muntasir', '99'),
(251, 94, 11, 9, 27, 'ICT', '2018-07-30', 'tofayel', '77'),
(252, 42, 11, 10, 34, 'Physics ', '2018-07-30', 'moshfiq', '77'),
(253, 52, 11, 10, 34, 'Physics ', '2018-07-30', 'Shain', '66'),
(254, 60, 11, 10, 34, 'Physics ', '2018-07-30', 'Rubel', '55'),
(255, 69, 11, 10, 34, 'Physics ', '2018-07-30', 'Atatu Azim', '77'),
(256, 70, 11, 10, 34, 'Physics ', '2018-07-30', 'Al Mahedy', '88'),
(257, 87, 11, 10, 34, 'Physics ', '2018-07-30', 'Muntasir', '55'),
(258, 41, 10, 9, 29, 'English1st', '2018-07-31', 'moshfiq', '20'),
(259, 51, 10, 9, 29, 'English1st', '2018-07-31', 'Shain', '30'),
(260, 59, 10, 9, 29, 'English1st', '2018-07-31', 'Rubel', '40'),
(261, 61, 10, 9, 29, 'English1st', '2018-07-31', 'Raju', '54'),
(262, 68, 10, 9, 29, 'English1st', '2018-07-31', 'Atatu Azim', '50'),
(263, 86, 10, 9, 29, 'English1st', '2018-07-31', 'Muntasir', '60'),
(264, 94, 10, 9, 29, 'English1st', '2018-07-31', 'tofayel', '70'),
(265, 14, 10, 7, 37, 'Bangla 1 st', '2018-07-31', 'al farabe', '80'),
(266, 15, 10, 7, 37, 'Bangla 1 st', '2018-07-31', 'Kamrul ', '90'),
(267, 16, 10, 7, 37, 'Bangla 1 st', '2018-07-31', 'Rakibul', '80'),
(268, 17, 10, 7, 37, 'Bangla 1 st', '2018-07-31', 'rezauzzaman', '70'),
(269, 18, 10, 7, 37, 'Bangla 1 st', '2018-07-31', 'Maksudur rahman', '60'),
(270, 19, 10, 7, 37, 'Bangla 1 st', '2018-07-31', 'mahbub', '90'),
(271, 20, 10, 7, 37, 'Bangla 1 st', '2018-07-31', 'Tanim', '80'),
(272, 21, 10, 7, 37, 'Bangla 1 st', '2018-07-31', 'Anik ', '90'),
(273, 22, 10, 7, 37, 'Bangla 1 st', '2018-07-31', 'abud asid', '70'),
(274, 23, 10, 7, 37, 'Bangla 1 st', '2018-07-31', 'Maniruzzaman ', '60'),
(275, 24, 10, 7, 37, 'Bangla 1 st', '2018-07-31', 'Ruble', '60'),
(276, 25, 10, 7, 37, 'Bangla 1 st', '2018-07-31', 'Moniruzzaman', '76'),
(277, 26, 10, 7, 37, 'Bangla 1 st', '2018-07-31', 'amirul', '00'),
(278, 27, 10, 7, 37, 'Bangla 1 st', '2018-07-31', 'Babul', '80'),
(279, 28, 10, 7, 37, 'Bangla 1 st', '2018-07-31', 'Bristi ', '70'),
(280, 43, 10, 7, 37, 'Bangla 1 st', '2018-07-31', 'moshfiq', '60'),
(281, 84, 10, 7, 37, 'Bangla 1 st', '2018-07-31', 'Muntasir', '60'),
(282, 14, 6, 7, 12, 'English 2nd', '2018-07-31', 'al farabe', '30'),
(283, 15, 6, 7, 12, 'English 2nd', '2018-07-31', 'Kamrul ', '80'),
(284, 16, 6, 7, 12, 'English 2nd', '2018-07-31', 'Rakibul', '70'),
(285, 17, 6, 7, 12, 'English 2nd', '2018-07-31', 'rezauzzaman', '60'),
(286, 18, 6, 7, 12, 'English 2nd', '2018-07-31', 'Maksudur rahman', '77'),
(287, 19, 6, 7, 12, 'English 2nd', '2018-07-31', 'mahbub', '60'),
(288, 20, 6, 7, 12, 'English 2nd', '2018-07-31', 'Tanim', '98'),
(289, 21, 6, 7, 12, 'English 2nd', '2018-07-31', 'Anik ', '70'),
(290, 22, 6, 7, 12, 'English 2nd', '2018-07-31', 'abud asid', '60'),
(291, 23, 6, 7, 12, 'English 2nd', '2018-07-31', 'Maniruzzaman ', '50'),
(292, 24, 6, 7, 12, 'English 2nd', '2018-07-31', 'Ruble', '76'),
(293, 25, 6, 7, 12, 'English 2nd', '2018-07-31', 'Moniruzzaman', '85'),
(294, 26, 6, 7, 12, 'English 2nd', '2018-07-31', 'amirul', '90'),
(295, 27, 6, 7, 12, 'English 2nd', '2018-07-31', 'Babul', '60'),
(296, 28, 6, 7, 12, 'English 2nd', '2018-07-31', 'Bristi ', '70'),
(297, 43, 6, 7, 12, 'English 2nd', '2018-07-31', 'moshfiq', '80'),
(298, 84, 6, 7, 12, 'English 2nd', '2018-07-31', 'Muntasir', '80'),
(299, 14, 2, 7, 19, 'Mathematics', '2018-07-31', 'al farabe', '80'),
(300, 15, 2, 7, 19, 'Mathematics', '2018-07-31', 'Kamrul ', '70'),
(301, 16, 2, 7, 19, 'Mathematics', '2018-07-31', 'Rakibul', '90'),
(302, 17, 2, 7, 19, 'Mathematics', '2018-07-31', 'rezauzzaman', '70'),
(303, 18, 2, 7, 19, 'Mathematics', '2018-07-31', 'Maksudur rahman', '60'),
(304, 19, 2, 7, 19, 'Mathematics', '2018-07-31', 'mahbub', '70'),
(305, 20, 2, 7, 19, 'Mathematics', '2018-07-31', 'Tanim', '60'),
(306, 21, 2, 7, 19, 'Mathematics', '2018-07-31', 'Anik ', '80'),
(307, 22, 2, 7, 19, 'Mathematics', '2018-07-31', 'abud asid', '50'),
(308, 23, 2, 7, 19, 'Mathematics', '2018-07-31', 'Maniruzzaman ', '50'),
(309, 24, 2, 7, 19, 'Mathematics', '2018-07-31', 'Ruble', '50'),
(310, 25, 2, 7, 19, 'Mathematics', '2018-07-31', 'Moniruzzaman', '70'),
(311, 26, 2, 7, 19, 'Mathematics', '2018-07-31', 'amirul', '80'),
(312, 27, 2, 7, 19, 'Mathematics', '2018-07-31', 'Babul', '70'),
(313, 28, 2, 7, 19, 'Mathematics', '2018-07-31', 'Bristi ', '70'),
(314, 43, 2, 7, 19, 'Mathematics', '2018-07-31', 'moshfiq', '70'),
(315, 84, 2, 7, 19, 'Mathematics', '2018-07-31', 'Muntasir', '70'),
(316, 14, 3, 7, 23, 'Social Science', '2018-07-31', 'al farabe', '90'),
(317, 15, 3, 7, 23, 'Social Science', '2018-07-31', 'Kamrul ', '80'),
(318, 16, 3, 7, 23, 'Social Science', '2018-07-31', 'Rakibul', '80'),
(319, 17, 3, 7, 23, 'Social Science', '2018-07-31', 'rezauzzaman', '90'),
(320, 18, 3, 7, 23, 'Social Science', '2018-07-31', 'Maksudur rahman', '60'),
(321, 19, 3, 7, 23, 'Social Science', '2018-07-31', 'mahbub', '50'),
(322, 20, 3, 7, 23, 'Social Science', '2018-07-31', 'Tanim', '60'),
(323, 21, 3, 7, 23, 'Social Science', '2018-07-31', 'Anik ', '70'),
(324, 22, 3, 7, 23, 'Social Science', '2018-07-31', 'abud asid', '70'),
(325, 23, 3, 7, 23, 'Social Science', '2018-07-31', 'Maniruzzaman ', '90'),
(326, 24, 3, 7, 23, 'Social Science', '2018-07-31', 'Ruble', '60'),
(327, 25, 3, 7, 23, 'Social Science', '2018-07-31', 'Moniruzzaman', '60'),
(328, 26, 3, 7, 23, 'Social Science', '2018-07-31', 'amirul', '70'),
(329, 27, 3, 7, 23, 'Social Science', '2018-07-31', 'Babul', '70'),
(330, 28, 3, 7, 23, 'Social Science', '2018-07-31', 'Bristi ', '80'),
(331, 43, 3, 7, 23, 'Social Science', '2018-07-31', 'moshfiq', '70'),
(332, 84, 3, 7, 23, 'Social Science', '2018-07-31', 'Muntasir', '50'),
(333, 14, 7, 7, 38, 'English 1st', '2018-07-31', 'al farabe', '60'),
(334, 15, 7, 7, 38, 'English 1st', '2018-07-31', 'Kamrul ', '80'),
(335, 16, 7, 7, 38, 'English 1st', '2018-07-31', 'Rakibul', '60'),
(336, 17, 7, 7, 38, 'English 1st', '2018-07-31', 'rezauzzaman', '50'),
(337, 18, 7, 7, 38, 'English 1st', '2018-07-31', 'Maksudur rahman', '60'),
(338, 19, 7, 7, 38, 'English 1st', '2018-07-31', 'mahbub', '70'),
(339, 20, 7, 7, 38, 'English 1st', '2018-07-31', 'Tanim', '50'),
(340, 21, 7, 7, 38, 'English 1st', '2018-07-31', 'Anik ', '70'),
(341, 22, 7, 7, 38, 'English 1st', '2018-07-31', 'abud asid', '90'),
(342, 23, 7, 7, 38, 'English 1st', '2018-07-31', 'Maniruzzaman ', '70'),
(343, 24, 7, 7, 38, 'English 1st', '2018-07-31', 'Ruble', '60'),
(344, 25, 7, 7, 38, 'English 1st', '2018-07-31', 'Moniruzzaman', '70'),
(345, 26, 7, 7, 38, 'English 1st', '2018-07-31', 'amirul', '80'),
(346, 27, 7, 7, 38, 'English 1st', '2018-07-31', 'Babul', '50'),
(347, 28, 7, 7, 38, 'English 1st', '2018-07-31', 'Bristi ', '70'),
(348, 43, 7, 7, 38, 'English 1st', '2018-07-31', 'moshfiq', '50'),
(349, 84, 7, 7, 38, 'English 1st', '2018-07-31', 'Muntasir', '70');

-- --------------------------------------------------------

--
-- Table structure for table `notice`
--

CREATE TABLE `notice` (
  `notice_id` int(10) NOT NULL,
  `notice_ctgry` varchar(50) NOT NULL,
  `notice_title` varchar(200) NOT NULL,
  `notice_des` varchar(1000) NOT NULL,
  `img_name` varchar(50) NOT NULL,
  `img_path` varchar(50) NOT NULL,
  `img_type` varchar(50) NOT NULL
) ENGINE=InnoDB DEFAULT CHARSET=latin1;

--
-- Dumping data for table `notice`
--

INSERT INTO `notice` (`notice_id`, `notice_ctgry`, `notice_title`, `notice_des`, `img_name`, `img_path`, `img_type`) VALUES
(1, 'Sidbar', 'Importance notice for off day', 'The purpose of Smart School is to automate the existing manual system by the help of computerized\r\n          equipments and full-fledged computer software, fulfilling their requirements, so that their valuable data/information\r\n          can be stored for a longer period with easy accessing and manipulation of the same. The required software and\r\n          hardware are easily available and easy to work with.Smart School, as described above, can lead to error free, secure, reliable and fast mana', '', '', ''),
(2, 'Marquee', 'welcome to notice ', 'The purpose of Smart School is to automate the existing manual system by the help of computerized\\r\\n equipments and full-fledged computer software, fulfilling their requirements, so that their valuable data/information\\r\\n can be stored for a longer period with easy accessing and manipulation of the same. The required software and\\r\\n hardware are easily available and easy to work with.Smart School, as described above, can lead to error free, secure, reliable and fast mana', '', '', ''),
(3, 'Marquee', 'Importance notice for off day', 'today is you school off day..', '', '', ''),
(5, 'Sidbar', 'smart School', 'The purpose of Smart School is to automate the existing manual system by the help of computerized\r\n equipments and full-fledged computer software, fulfilling their requirements, so that their valuable data/information\r\n can be stored for a longer period with easy accessing and manipulation of the same. The required software and\r\n hardware are easily available and easy to work with.Smart School, as described above, can lead to error free, secure, reliable and fast mana', 'C:xampp	mpphp6D76.tmp', 'rsl.jpg', 'image/jpeg'),
(6, 'Sidbar', 'welcome to notice ', 'welcome to notice board', '', '', ''),
(7, 'Marquee', 'Important notice for ', 'dhaka ', 'C:xampp	mpphp9446.tmp', 'house.jpg', 'image/jpeg');

-- --------------------------------------------------------

--
-- Table structure for table `photo`
--

CREATE TABLE `photo` (
  `pc_id` int(10) NOT NULL,
  `picname` varchar(50) NOT NULL,
  `img_name` varchar(50) NOT NULL,
  `img_path` varchar(50) NOT NULL,
  `img_type` varchar(50) NOT NULL,
  `pdesc` varchar(500) NOT NULL
) ENGINE=InnoDB DEFAULT CHARSET=latin1;

--
-- Dumping data for table `photo`
--

INSERT INTO `photo` (`pc_id`, `picname`, `img_name`, `img_path`, `img_type`, `pdesc`) VALUES
(1, 'village', 'house.jpg', 'image/house.jpg', 'image/jpeg', 'this maked by md Faruk mirza'),
(3, 'school', 'rsl.jpg', '../admin/image/rsl.jpg', 'image/jpeg', 'it was a nice place\r\n'),
(5, 'Rice ', 'walp.jpg', 'image/walp.jpg', 'image/jpeg', 'Photography\r\n'),
(6, 'Grass', '22.jpg', 'image/22.jpg', 'image/jpeg', 'Photographer N H Rasal'),
(7, 'Misadventure', '44.jpg', 'image/44.jpg', 'image/jpeg', 'PC: N H Rasal\r\n'),
(8, 'Misadventure', 'gash.jpg', 'image/gash.jpg', 'image/jpeg', 'PC: NH Rasal\r\n'),
(9, 'Charlotte', 'korola.jpg', 'image/korola.jpg', 'image/jpeg', 'P>C: NH Rasal\r\n');

-- --------------------------------------------------------

--
-- Table structure for table `stdattendance`
--

CREATE TABLE `stdattendance` (
  `atnd_id` int(10) NOT NULL,
  `std_id` int(10) NOT NULL,
  `tchr_id` int(10) NOT NULL,
  `cls_id` int(10) NOT NULL,
  `course_id` int(10) NOT NULL,
  `course` tinytext NOT NULL,
  `firstname` varchar(50) NOT NULL,
  `date` date NOT NULL,
  `status` tinytext NOT NULL
) ENGINE=InnoDB DEFAULT CHARSET=latin1;

--
-- Dumping data for table `stdattendance`
--

INSERT INTO `stdattendance` (`atnd_id`, `std_id`, `tchr_id`, `cls_id`, `course_id`, `course`, `firstname`, `date`, `status`) VALUES
(1, 1, 1, 8, 1, 'Bangla 1st', 'Nurul huda', '2018-07-06', 'present'),
(2, 2, 1, 8, 1, 'Bangla 1st', 'shamsul huda ', '2018-07-06', 'present'),
(3, 3, 1, 8, 1, 'Bangla 1st', 'Main Uddin', '2018-07-06', 'absent'),
(4, 4, 1, 8, 1, 'Bangla 1st', 'Muntasir ', '2018-07-06', 'present'),
(5, 5, 1, 8, 1, 'Bangla 1st', 'Atatur Azm', '2018-07-06', 'present'),
(6, 6, 1, 8, 1, 'Bangla 1st', 'faruk', '2018-07-06', 'absent'),
(7, 7, 1, 8, 1, 'Bangla 1st', 'rezaul  karim', '2018-07-06', 'present'),
(8, 8, 1, 8, 1, 'Bangla 1st', 'abdul awal ', '2018-07-06', 'present'),
(9, 9, 1, 8, 1, 'Bangla 1st', 'rakib uddin', '2018-07-06', 'absent'),
(10, 10, 1, 8, 1, 'Bangla 1st', 'monjur ', '2018-07-06', 'present'),
(11, 11, 1, 8, 1, 'Bangla 1st', 'Nahid ansary', '2018-07-06', 'absent'),
(12, 12, 1, 8, 1, 'Bangla 1st', 'tofayel', '2018-07-06', 'present'),
(13, 1, 2, 8, 2, 'English 1st', 'Nurul huda', '2018-07-06', 'present'),
(14, 2, 2, 8, 2, 'English 1st', 'shamsul huda ', '2018-07-06', 'absent'),
(15, 3, 2, 8, 2, 'English 1st', 'Main Uddin', '2018-07-06', 'present'),
(16, 4, 2, 8, 2, 'English 1st', 'Muntasir ', '2018-07-06', 'present'),
(17, 5, 2, 8, 2, 'English 1st', 'Atatur Azm', '2018-07-06', 'present'),
(18, 6, 2, 8, 2, 'English 1st', 'faruk', '2018-07-06', 'absent'),
(19, 7, 2, 8, 2, 'English 1st', 'rezaul  karim', '2018-07-06', 'present'),
(20, 8, 2, 8, 2, 'English 1st', 'abdul awal ', '2018-07-06', 'present'),
(21, 9, 2, 8, 2, 'English 1st', 'rakib uddin', '2018-07-06', 'absent'),
(22, 10, 2, 8, 2, 'English 1st', 'monjur ', '2018-07-06', 'present'),
(23, 11, 2, 8, 2, 'English 1st', 'Nahid ansary', '2018-07-06', 'absent'),
(24, 12, 2, 8, 2, 'English 1st', 'tofayel', '2018-07-06', 'present'),
(25, 1, 3, 8, 3, 'Social Science', 'Nurul huda', '2018-07-06', 'absent'),
(26, 2, 3, 8, 3, 'Social Science', 'shamsul huda ', '2018-07-06', 'present'),
(27, 3, 3, 8, 3, 'Social Science', 'Main Uddin', '2018-07-06', 'present'),
(28, 4, 3, 8, 3, 'Social Science', 'Muntasir ', '2018-07-06', 'present'),
(29, 5, 3, 8, 3, 'Social Science', 'Atatur Azm', '2018-07-06', 'present'),
(30, 6, 3, 8, 3, 'Social Science', 'faruk', '2018-07-06', 'present'),
(31, 7, 3, 8, 3, 'Social Science', 'rezaul  karim', '2018-07-06', 'present'),
(32, 8, 3, 8, 3, 'Social Science', 'abdul awal ', '2018-07-06', 'absent'),
(33, 9, 3, 8, 3, 'Social Science', 'rakib uddin', '2018-07-06', 'absent'),
(34, 10, 3, 8, 3, 'Social Science', 'monjur ', '2018-07-06', 'present'),
(35, 11, 3, 8, 3, 'Social Science', 'Nahid ansary', '2018-07-06', 'present'),
(36, 12, 3, 8, 3, 'Social Science', 'tofayel', '2018-07-06', 'absent'),
(37, 1, 4, 8, 4, 'Mathmatics', 'Nurul huda', '2018-07-06', 'present'),
(38, 2, 4, 8, 4, 'Mathmatics', 'shamsul huda ', '2018-07-06', 'absent'),
(39, 3, 4, 8, 4, 'Mathmatics', 'Main Uddin', '2018-07-06', 'present'),
(40, 4, 4, 8, 4, 'Mathmatics', 'Muntasir ', '2018-07-06', 'absent'),
(41, 5, 4, 8, 4, 'Mathmatics', 'Atatur Azm', '2018-07-06', 'present'),
(42, 6, 4, 8, 4, 'Mathmatics', 'faruk', '2018-07-06', 'present'),
(43, 7, 4, 8, 4, 'Mathmatics', 'rezaul  karim', '2018-07-06', 'absent'),
(44, 8, 4, 8, 4, 'Mathmatics', 'abdul awal ', '2018-07-06', 'present'),
(45, 9, 4, 8, 4, 'Mathmatics', 'rakib uddin', '2018-07-06', 'absent'),
(46, 10, 4, 8, 4, 'Mathmatics', 'monjur ', '2018-07-06', 'present'),
(47, 11, 4, 8, 4, 'Mathmatics', 'Nahid ansary', '2018-07-06', 'present'),
(48, 12, 4, 8, 4, 'Mathmatics', 'tofayel', '2018-07-06', 'present'),
(49, 1, 5, 8, 10, 'Bangla 2nd', 'Nurul huda', '2018-07-06', 'absent'),
(50, 2, 5, 8, 10, 'Bangla 2nd', 'shamsul huda ', '2018-07-06', 'present'),
(51, 3, 5, 8, 10, 'Bangla 2nd', 'Main Uddin', '2018-07-06', 'absent'),
(52, 4, 5, 8, 10, 'Bangla 2nd', 'Muntasir ', '2018-07-06', 'present'),
(53, 5, 5, 8, 10, 'Bangla 2nd', 'Atatur Azm', '2018-07-06', 'present'),
(54, 6, 5, 8, 10, 'Bangla 2nd', 'faruk', '2018-07-06', 'present'),
(55, 7, 5, 8, 10, 'Bangla 2nd', 'rezaul  karim', '2018-07-06', 'present'),
(56, 8, 5, 8, 10, 'Bangla 2nd', 'abdul awal ', '2018-07-06', 'present'),
(57, 9, 5, 8, 10, 'Bangla 2nd', 'rakib uddin', '2018-07-06', 'absent'),
(58, 10, 5, 8, 10, 'Bangla 2nd', 'monjur ', '2018-07-06', 'absent'),
(59, 11, 5, 8, 10, 'Bangla 2nd', 'Nahid ansary', '2018-07-06', 'absent'),
(60, 12, 5, 8, 10, 'Bangla 2nd', 'tofayel', '2018-07-06', 'present'),
(61, 1, 6, 8, 6, 'English 2nd', 'Nurul huda', '2018-07-06', 'present'),
(62, 2, 6, 8, 6, 'English 2nd', 'shamsul huda ', '2018-07-06', 'present'),
(63, 3, 6, 8, 6, 'English 2nd', 'Main Uddin', '2018-07-06', 'present'),
(64, 4, 6, 8, 6, 'English 2nd', 'Muntasir ', '2018-07-06', 'absent'),
(65, 5, 6, 8, 6, 'English 2nd', 'Atatur Azm', '2018-07-06', 'present'),
(66, 6, 6, 8, 6, 'English 2nd', 'faruk', '2018-07-06', 'absent'),
(67, 7, 6, 8, 6, 'English 2nd', 'rezaul  karim', '2018-07-06', 'present'),
(68, 8, 6, 8, 6, 'English 2nd', 'abdul awal ', '2018-07-06', 'present'),
(69, 9, 6, 8, 6, 'English 2nd', 'rakib uddin', '2018-07-06', 'present'),
(70, 10, 6, 8, 6, 'English 2nd', 'monjur ', '2018-07-06', 'present'),
(71, 11, 6, 8, 6, 'English 2nd', 'Nahid ansary', '2018-07-06', 'present'),
(72, 12, 6, 8, 6, 'English 2nd', 'tofayel', '2018-07-06', 'absent'),
(73, 1, 7, 8, 7, 'Islam', 'Nurul huda', '2018-07-06', 'present'),
(74, 2, 7, 8, 7, 'Islam', 'shamsul huda ', '2018-07-06', 'present'),
(75, 3, 7, 8, 7, 'Islam', 'Main Uddin', '2018-07-06', 'present'),
(76, 4, 7, 8, 7, 'Islam', 'Muntasir ', '2018-07-06', 'absent'),
(77, 5, 7, 8, 7, 'Islam', 'Atatur Azm', '2018-07-06', 'present'),
(78, 6, 7, 8, 7, 'Islam', 'faruk', '2018-07-06', 'absent'),
(79, 7, 7, 8, 7, 'Islam', 'rezaul  karim', '2018-07-06', 'present'),
(80, 8, 7, 8, 7, 'Islam', 'abdul awal ', '2018-07-06', 'absent'),
(81, 9, 7, 8, 7, 'Islam', 'rakib uddin', '2018-07-06', 'present'),
(82, 10, 7, 8, 7, 'Islam', 'monjur ', '2018-07-06', 'present'),
(83, 11, 7, 8, 7, 'Islam', 'Nahid ansary', '2018-07-06', 'absent'),
(84, 12, 7, 8, 7, 'Islam', 'tofayel', '2018-07-06', 'absent'),
(85, 1, 8, 8, 8, 'ICT', 'Nurul huda', '2018-07-06', 'present'),
(86, 2, 8, 8, 8, 'ICT', 'shamsul huda ', '2018-07-06', 'present'),
(87, 3, 8, 8, 8, 'ICT', 'Main Uddin', '2018-07-06', 'absent'),
(88, 4, 8, 8, 8, 'ICT', 'Muntasir ', '2018-07-06', 'present'),
(89, 5, 8, 8, 8, 'ICT', 'Atatur Azm', '2018-07-06', 'present'),
(90, 6, 8, 8, 8, 'ICT', 'faruk', '2018-07-06', 'absent'),
(91, 7, 8, 8, 8, 'ICT', 'rezaul  karim', '2018-07-06', 'absent'),
(92, 8, 8, 8, 8, 'ICT', 'abdul awal ', '2018-07-06', 'absent'),
(93, 9, 8, 8, 8, 'ICT', 'rakib uddin', '2018-07-06', 'present'),
(94, 10, 8, 8, 8, 'ICT', 'monjur ', '2018-07-06', 'absent'),
(95, 11, 8, 8, 8, 'ICT', 'Nahid ansary', '2018-07-06', 'present'),
(96, 12, 8, 8, 8, 'ICT', 'tofayel', '2018-07-06', 'present'),
(97, 1, 9, 8, 9, 'Genarel Science', 'Nurul huda', '2018-07-06', 'present'),
(98, 2, 9, 8, 9, 'Genarel Science', 'shamsul huda ', '2018-07-06', 'absent'),
(99, 3, 9, 8, 9, 'Genarel Science', 'Main Uddin', '2018-07-06', 'present'),
(100, 4, 9, 8, 9, 'Genarel Science', 'Muntasir ', '2018-07-06', 'present'),
(101, 5, 9, 8, 9, 'Genarel Science', 'Atatur Azm', '2018-07-06', 'absent'),
(102, 6, 9, 8, 9, 'Genarel Science', 'faruk', '2018-07-06', 'present'),
(103, 7, 9, 8, 9, 'Genarel Science', 'rezaul  karim', '2018-07-06', 'present'),
(104, 8, 9, 8, 9, 'Genarel Science', 'abdul awal ', '2018-07-06', 'absent'),
(105, 9, 9, 8, 9, 'Genarel Science', 'rakib uddin', '2018-07-06', 'absent'),
(106, 10, 9, 8, 9, 'Genarel Science', 'monjur ', '2018-07-06', 'present'),
(107, 11, 9, 8, 9, 'Genarel Science', 'Nahid ansary', '2018-07-06', 'present'),
(108, 12, 9, 8, 9, 'Genarel Science', 'tofayel', '2018-07-06', 'absent'),
(109, 1, 10, 8, 11, 'Agriculture', 'Nurul huda', '2018-07-06', 'present'),
(110, 2, 10, 8, 11, 'Agriculture', 'shamsul huda ', '2018-07-06', 'present'),
(111, 3, 10, 8, 11, 'Agriculture', 'Main Uddin', '2018-07-06', 'present'),
(112, 4, 10, 8, 11, 'Agriculture', 'Muntasir ', '2018-07-06', 'present'),
(113, 5, 10, 8, 11, 'Agriculture', 'Atatur Azm', '2018-07-06', 'absent'),
(114, 6, 10, 8, 11, 'Agriculture', 'faruk', '2018-07-06', 'absent'),
(115, 7, 10, 8, 11, 'Agriculture', 'rezaul  karim', '2018-07-06', 'absent'),
(116, 8, 10, 8, 11, 'Agriculture', 'abdul awal ', '2018-07-06', 'absent'),
(117, 9, 10, 8, 11, 'Agriculture', 'rakib uddin', '2018-07-06', 'absent'),
(118, 10, 10, 8, 11, 'Agriculture', 'monjur ', '2018-07-06', 'absent'),
(119, 11, 10, 8, 11, 'Agriculture', 'Nahid ansary', '2018-07-06', 'present'),
(120, 12, 10, 8, 11, 'Agriculture', 'tofayel', '2018-07-06', 'present'),
(121, 1, 1, 8, 1, 'Bangla 1st', 'Nurul huda', '2018-07-07', 'present'),
(122, 2, 1, 8, 1, 'Bangla 1st', 'shamsul huda ', '2018-07-07', 'absent'),
(123, 3, 1, 8, 1, 'Bangla 1st', 'Main Uddin', '2018-07-07', 'present'),
(124, 4, 1, 8, 1, 'Bangla 1st', 'Muntasir ', '2018-07-07', 'present'),
(125, 5, 1, 8, 1, 'Bangla 1st', 'Atatur Azm', '2018-07-07', 'absent'),
(126, 6, 1, 8, 1, 'Bangla 1st', 'faruk', '2018-07-07', 'present'),
(127, 7, 1, 8, 1, 'Bangla 1st', 'rezaul  karim', '2018-07-07', 'present'),
(128, 8, 1, 8, 1, 'Bangla 1st', 'abdul awal ', '2018-07-07', 'present'),
(129, 9, 1, 8, 1, 'Bangla 1st', 'rakib uddin', '2018-07-07', 'absent'),
(130, 10, 1, 8, 1, 'Bangla 1st', 'monjur ', '2018-07-07', 'present'),
(131, 11, 1, 8, 1, 'Bangla 1st', 'Nahid ansary', '2018-07-07', 'absent'),
(132, 12, 1, 8, 1, 'Bangla 1st', 'tofayel', '2018-07-07', 'present'),
(135, 1, 1, 8, 1, 'Bangla 1st', 'Nurul huda', '2018-07-11', 'present'),
(136, 2, 1, 8, 1, 'Bangla 1st', 'shamsul huda ', '2018-07-11', 'present'),
(137, 3, 1, 8, 1, 'Bangla 1st', 'Main Uddin', '2018-07-11', 'present'),
(138, 4, 1, 8, 1, 'Bangla 1st', 'Muntasir ', '2018-07-11', 'present'),
(139, 5, 1, 8, 1, 'Bangla 1st', 'Atatur Azm', '2018-07-11', 'present'),
(140, 6, 1, 8, 1, 'Bangla 1st', 'faruk', '2018-07-11', 'present'),
(141, 7, 1, 8, 1, 'Bangla 1st', 'rezaul  karim', '2018-07-11', 'present'),
(142, 8, 1, 8, 1, 'Bangla 1st', 'abdul awal ', '2018-07-11', 'present'),
(143, 9, 1, 8, 1, 'Bangla 1st', 'rakib uddin', '2018-07-11', 'present'),
(144, 10, 1, 8, 1, 'Bangla 1st', 'monjur ', '2018-07-11', 'present'),
(145, 11, 1, 8, 1, 'Bangla 1st', 'Nahid ansary', '2018-07-11', 'present'),
(146, 12, 1, 8, 1, 'Bangla 1st', 'tofayel', '2018-07-11', 'present'),
(147, 1, 2, 8, 2, 'English 1st', 'Nurul huda', '2018-07-11', 'present'),
(148, 2, 2, 8, 2, 'English 1st', 'shamsul huda ', '2018-07-11', 'present'),
(149, 3, 2, 8, 2, 'English 1st', 'Main Uddin', '2018-07-11', 'present'),
(150, 4, 2, 8, 2, 'English 1st', 'Muntasir ', '2018-07-11', 'present'),
(151, 5, 2, 8, 2, 'English 1st', 'Atatur Azm', '2018-07-11', 'present'),
(152, 6, 2, 8, 2, 'English 1st', 'faruk', '2018-07-11', 'present'),
(153, 7, 2, 8, 2, 'English 1st', 'rezaul  karim', '2018-07-11', 'present'),
(154, 8, 2, 8, 2, 'English 1st', 'abdul awal ', '2018-07-11', 'present'),
(155, 9, 2, 8, 2, 'English 1st', 'rakib uddin', '2018-07-11', 'present'),
(156, 10, 2, 8, 2, 'English 1st', 'monjur ', '2018-07-11', 'present'),
(157, 11, 2, 8, 2, 'English 1st', 'Nahid ansary', '2018-07-11', 'present'),
(158, 12, 2, 8, 2, 'English 1st', 'tofayel', '2018-07-11', 'present'),
(159, 1, 1, 8, 1, 'Bangla 1st', 'Nurul huda', '2018-07-14', 'present'),
(160, 2, 1, 8, 1, 'Bangla 1st', 'shamsul huda ', '2018-07-14', 'present'),
(161, 3, 1, 8, 1, 'Bangla 1st', 'Main Uddin', '2018-07-14', 'present'),
(162, 5, 1, 8, 1, 'Bangla 1st', 'Atatur Azm', '2018-07-14', 'present'),
(163, 6, 1, 8, 1, 'Bangla 1st', 'faruk', '2018-07-14', 'present'),
(164, 7, 1, 8, 1, 'Bangla 1st', 'rezaul  karim', '2018-07-14', 'present'),
(165, 8, 1, 8, 1, 'Bangla 1st', 'abdul awal ', '2018-07-14', 'present'),
(166, 9, 1, 8, 1, 'Bangla 1st', 'rakib uddin', '2018-07-14', 'absent'),
(167, 10, 1, 8, 1, 'Bangla 1st', 'monjur ', '2018-07-14', 'absent'),
(168, 11, 1, 8, 1, 'Bangla 1st', 'Nahid ansary', '2018-07-14', 'absent'),
(169, 12, 1, 8, 1, 'Bangla 1st', 'tofayel', '2018-07-14', 'present'),
(170, 1, 1, 8, 1, 'Bangla 1st', 'Nurul huda', '2018-07-17', 'present'),
(171, 2, 1, 8, 1, 'Bangla 1st', 'shamsul huda ', '2018-07-17', 'present'),
(172, 3, 1, 8, 1, 'Bangla 1st', 'Main Uddin', '2018-07-17', 'present'),
(173, 5, 1, 8, 1, 'Bangla 1st', 'Atatur Azm', '2018-07-17', 'absent'),
(174, 6, 1, 8, 1, 'Bangla 1st', 'faruk', '2018-07-17', 'present'),
(175, 7, 1, 8, 1, 'Bangla 1st', 'rezaul  karim', '2018-07-17', 'present'),
(176, 8, 1, 8, 1, 'Bangla 1st', 'abdul awal ', '2018-07-17', 'absent'),
(177, 9, 1, 8, 1, 'Bangla 1st', 'rakib uddin', '2018-07-17', 'present'),
(178, 10, 1, 8, 1, 'Bangla 1st', 'monjur ', '2018-07-17', 'present'),
(179, 11, 1, 8, 1, 'Bangla 1st', 'Nahid ansary', '2018-07-17', 'present'),
(180, 12, 1, 8, 1, 'Bangla 1st', 'tofayel', '2018-07-17', 'present'),
(181, 1, 1, 8, 1, 'Bangla 1st', 'Nurul huda', '2018-07-19', 'present'),
(182, 2, 1, 8, 1, 'Bangla 1st', 'shamsul huda ', '2018-07-19', 'present'),
(183, 3, 1, 8, 1, 'Bangla 1st', 'Main Uddin', '2018-07-19', 'present'),
(184, 5, 1, 8, 1, 'Bangla 1st', 'Atatur Azm', '2018-07-19', 'absent'),
(185, 6, 1, 8, 1, 'Bangla 1st', 'faruk', '2018-07-19', 'absent'),
(186, 7, 1, 8, 1, 'Bangla 1st', 'rezaul  karim', '2018-07-19', 'present'),
(187, 8, 1, 8, 1, 'Bangla 1st', 'abdul awal ', '2018-07-19', 'present'),
(188, 9, 1, 8, 1, 'Bangla 1st', 'rakib uddin', '2018-07-19', 'present'),
(189, 10, 1, 8, 1, 'Bangla 1st', 'monjur ', '2018-07-19', 'present'),
(190, 11, 1, 8, 1, 'Bangla 1st', 'Nahid ansary', '2018-07-19', 'present'),
(191, 12, 1, 8, 1, 'Bangla 1st', 'tofayel', '2018-07-19', 'present'),
(201, 13, 1, 6, 14, 'Bangla 1 st', 'tarek', '2018-07-20', 'absent'),
(202, 1, 1, 8, 1, 'Bangla 1st', 'Nurul huda', '2018-07-20', 'present'),
(203, 2, 1, 8, 1, 'Bangla 1st', 'shamsul huda ', '2018-07-20', 'present'),
(204, 3, 1, 8, 1, 'Bangla 1st', 'Main Uddin', '2018-07-20', 'absent'),
(205, 5, 1, 8, 1, 'Bangla 1st', 'Atatur Azm', '2018-07-20', 'present'),
(206, 6, 1, 8, 1, 'Bangla 1st', 'faruk', '2018-07-20', 'present'),
(207, 7, 1, 8, 1, 'Bangla 1st', 'rezaul  karim', '2018-07-20', 'absent'),
(208, 8, 1, 8, 1, 'Bangla 1st', 'abdul awal ', '2018-07-20', 'present'),
(209, 9, 1, 8, 1, 'Bangla 1st', 'rakib uddin', '2018-07-20', 'present'),
(210, 10, 1, 8, 1, 'Bangla 1st', 'monjur ', '2018-07-20', 'present'),
(211, 11, 1, 8, 1, 'Bangla 1st', 'Nahid ansary', '2018-07-20', 'present'),
(212, 12, 1, 8, 1, 'Bangla 1st', 'tofayel', '2018-07-20', 'absent'),
(214, 13, 1, 6, 14, 'Bangla 1 st', 'tarek', '2018-07-28', 'absent'),
(215, 1, 1, 8, 1, 'Bangla 1st', 'Nurul huda', '2018-07-30', 'present'),
(216, 2, 1, 8, 1, 'Bangla 1st', 'shamsul huda ', '2018-07-30', 'present'),
(217, 3, 1, 8, 1, 'Bangla 1st', 'Main Uddin', '2018-07-30', 'present'),
(218, 5, 1, 8, 1, 'Bangla 1st', 'Atatur Azm', '2018-07-30', 'present'),
(219, 6, 1, 8, 1, 'Bangla 1st', 'faruk', '2018-07-30', 'present'),
(220, 7, 1, 8, 1, 'Bangla 1st', 'rezaul  karim', '2018-07-30', 'present'),
(221, 8, 1, 8, 1, 'Bangla 1st', 'abdul awal ', '2018-07-30', 'present'),
(222, 9, 1, 8, 1, 'Bangla 1st', 'rakib uddin', '2018-07-30', 'present'),
(223, 10, 1, 8, 1, 'Bangla 1st', 'monjur ', '2018-07-30', 'absent'),
(224, 11, 1, 8, 1, 'Bangla 1st', 'Nahid ansary', '2018-07-30', 'absent'),
(225, 12, 1, 8, 1, 'Bangla 1st', 'tofayel', '2018-07-30', 'absent'),
(226, 13, 1, 6, 14, 'Bangla 1 st', 'tarek', '2018-07-30', 'absent'),
(227, 39, 1, 6, 14, 'Bangla 1 st', 'moshfiq', '2018-07-30', 'present'),
(228, 49, 1, 6, 14, 'Bangla 1 st', 'Shain', '2018-07-30', 'present'),
(229, 58, 1, 6, 14, 'Bangla 1 st', 'Rubel', '2018-07-30', 'absent'),
(230, 30, 1, 1, 15, 'Bangla ', 'mou', '2018-07-30', 'present'),
(231, 31, 1, 1, 15, 'Bangla ', 'Rena', '2018-07-30', 'present'),
(232, 32, 1, 1, 15, 'Bangla ', 'saddam', '2018-07-30', 'present'),
(233, 33, 1, 1, 15, 'Bangla ', 'saidul', '2018-07-30', 'absent'),
(234, 34, 1, 1, 15, 'Bangla ', 'moshfiq', '2018-07-30', 'present'),
(235, 44, 1, 1, 15, 'Bangla ', 'shahin', '2018-07-30', 'present'),
(236, 53, 1, 1, 15, 'Bangla ', 'Rubel', '2018-07-30', 'present'),
(237, 35, 1, 2, 16, 'Bangla ', 'moshfiq', '2018-07-30', 'present'),
(238, 45, 1, 2, 16, 'Bangla ', 'Shain', '2018-07-30', 'absent'),
(239, 54, 1, 2, 16, 'Bangla ', 'Rubel', '2018-07-30', 'absent'),
(240, 1, 2, 8, 2, 'English 1st', 'Nurul huda', '2018-07-30', 'present'),
(241, 2, 2, 8, 2, 'English 1st', 'shamsul huda ', '2018-07-30', 'present'),
(242, 3, 2, 8, 2, 'English 1st', 'Main Uddin', '2018-07-30', 'present'),
(243, 4, 2, 8, 2, 'English 1st', 'Muntasir ', '2018-07-30', 'present'),
(244, 5, 2, 8, 2, 'English 1st', 'Atatur Azm', '2018-07-30', 'present'),
(245, 6, 2, 8, 2, 'English 1st', 'faruk', '2018-07-30', 'present'),
(246, 7, 2, 8, 2, 'English 1st', 'rezaul  karim', '2018-07-30', 'present'),
(247, 8, 2, 8, 2, 'English 1st', 'abdul awal ', '2018-07-30', 'present'),
(248, 9, 2, 8, 2, 'English 1st', 'rakib uddin', '2018-07-30', 'present'),
(249, 10, 2, 8, 2, 'English 1st', 'monjur ', '2018-07-30', 'present'),
(250, 11, 2, 8, 2, 'English 1st', 'Nahid ansary', '2018-07-30', 'present'),
(251, 12, 2, 8, 2, 'English 1st', 'tofayel', '2018-07-30', 'present'),
(252, 40, 2, 8, 2, 'English 1st', 'moshfiq', '2018-07-30', 'absent'),
(253, 50, 2, 8, 2, 'English 1st', 'Shain', '2018-07-30', 'present'),
(254, 76, 2, 8, 2, 'English 1st', 'Al Mahedy', '2018-07-30', 'absent'),
(255, 85, 2, 8, 2, 'English 1st', 'Muntasir', '2018-07-30', 'absent'),
(256, 36, 2, 3, 17, 'Mathmatics', 'moshfiq', '2018-07-30', 'present'),
(257, 46, 2, 3, 17, 'Mathmatics', 'Shain', '2018-07-30', 'present'),
(258, 55, 2, 3, 17, 'Mathmatics', 'Rubel', '2018-07-30', 'present'),
(259, 64, 2, 3, 17, 'Mathmatics', 'Atatu Azim', '2018-07-30', 'present'),
(260, 72, 2, 3, 17, 'Mathmatics', 'Al Mahedy', '2018-07-30', 'present'),
(261, 80, 2, 3, 17, 'Mathmatics', 'Muntasir', '2018-07-30', 'present'),
(262, 90, 2, 3, 17, 'Mathmatics', 'tofayel', '2018-07-30', 'present'),
(263, 98, 2, 3, 17, 'Mathmatics', 'Rezaul', '2018-07-30', 'present'),
(264, 37, 2, 4, 18, 'Mathmatics', 'moshfiq', '2018-07-30', 'present'),
(265, 47, 2, 4, 18, 'Mathmatics', 'Shain', '2018-07-30', 'present'),
(266, 56, 2, 4, 18, 'Mathmatics', 'Rubel', '2018-07-30', 'present'),
(267, 65, 2, 4, 18, 'Mathmatics', 'Atatu Azim', '2018-07-30', 'present'),
(268, 73, 2, 4, 18, 'Mathmatics', 'Al Mahedy', '2018-07-30', 'present'),
(269, 81, 2, 4, 18, 'Mathmatics', 'Muntasir', '2018-07-30', 'present'),
(270, 91, 2, 4, 18, 'Mathmatics', 'tofayel', '2018-07-30', 'present'),
(271, 99, 2, 4, 18, 'Mathmatics', 'Rezaul', '2018-07-30', 'absent'),
(272, 14, 2, 7, 19, 'Mathmatics', 'al farabe', '2018-07-30', 'present'),
(273, 15, 2, 7, 19, 'Mathmatics', 'Kamrul ', '2018-07-30', 'present'),
(274, 16, 2, 7, 19, 'Mathmatics', 'Rakibul', '2018-07-30', 'present'),
(275, 17, 2, 7, 19, 'Mathmatics', 'rezauzzaman', '2018-07-30', 'present'),
(276, 18, 2, 7, 19, 'Mathmatics', 'Maksudur rahman', '2018-07-30', 'present'),
(277, 19, 2, 7, 19, 'Mathmatics', 'mahbub', '2018-07-30', 'present'),
(278, 20, 2, 7, 19, 'Mathmatics', 'Tanim', '2018-07-30', 'present'),
(279, 21, 2, 7, 19, 'Mathmatics', 'Anik ', '2018-07-30', 'present'),
(280, 22, 2, 7, 19, 'Mathmatics', 'abud asid', '2018-07-30', 'present'),
(281, 23, 2, 7, 19, 'Mathmatics', 'Maniruzzaman ', '2018-07-30', 'present'),
(282, 24, 2, 7, 19, 'Mathmatics', 'Ruble', '2018-07-30', 'present'),
(283, 25, 2, 7, 19, 'Mathmatics', 'Moniruzzaman', '2018-07-30', 'present'),
(284, 26, 2, 7, 19, 'Mathmatics', 'amirul', '2018-07-30', 'present'),
(285, 27, 2, 7, 19, 'Mathmatics', 'Babul', '2018-07-30', 'present'),
(286, 28, 2, 7, 19, 'Mathmatics', 'Bristi ', '2018-07-30', 'present'),
(287, 43, 2, 7, 19, 'Mathmatics', 'moshfiq', '2018-07-30', 'present'),
(288, 84, 2, 7, 19, 'Mathmatics', 'Muntasir', '2018-07-30', 'present'),
(289, 1, 3, 8, 3, 'Social Science', 'Nurul huda', '2018-07-30', 'present'),
(290, 2, 3, 8, 3, 'Social Science', 'shamsul huda ', '2018-07-30', 'present'),
(291, 3, 3, 8, 3, 'Social Science', 'Main Uddin', '2018-07-30', 'present'),
(292, 4, 3, 8, 3, 'Social Science', 'Muntasir ', '2018-07-30', 'present'),
(293, 5, 3, 8, 3, 'Social Science', 'Atatur Azm', '2018-07-30', 'present'),
(294, 6, 3, 8, 3, 'Social Science', 'faruk', '2018-07-30', 'present'),
(295, 7, 3, 8, 3, 'Social Science', 'rezaul  karim', '2018-07-30', 'present'),
(296, 8, 3, 8, 3, 'Social Science', 'abdul awal ', '2018-07-30', 'present'),
(297, 9, 3, 8, 3, 'Social Science', 'rakib uddin', '2018-07-30', 'present'),
(298, 10, 3, 8, 3, 'Social Science', 'monjur ', '2018-07-30', 'present'),
(299, 11, 3, 8, 3, 'Social Science', 'Nahid ansary', '2018-07-30', 'present'),
(300, 12, 3, 8, 3, 'Social Science', 'tofayel', '2018-07-30', 'present'),
(301, 40, 3, 8, 3, 'Social Science', 'moshfiq', '2018-07-30', 'present'),
(302, 50, 3, 8, 3, 'Social Science', 'Shain', '2018-07-30', 'present'),
(303, 76, 3, 8, 3, 'Social Science', 'Al Mahedy', '2018-07-30', 'present'),
(304, 85, 3, 8, 3, 'Social Science', 'Muntasir', '2018-07-30', 'present'),
(305, 13, 3, 6, 22, 'Social Science', 'tarek', '2018-07-30', 'present'),
(306, 39, 3, 6, 22, 'Social Science', 'moshfiq', '2018-07-30', 'present'),
(307, 49, 3, 6, 22, 'Social Science', 'Shain', '2018-07-30', 'present'),
(308, 58, 3, 6, 22, 'Social Science', 'Rubel', '2018-07-30', 'present'),
(309, 67, 3, 6, 22, 'Social Science', 'Atatu Azim', '2018-07-30', 'present'),
(310, 75, 3, 6, 22, 'Social Science', 'Al Mahedy', '2018-07-30', 'absent'),
(311, 83, 3, 6, 22, 'Social Science', 'Muntasir', '2018-07-30', 'absent'),
(312, 93, 3, 6, 22, 'Social Science', 'tofayel', '2018-07-30', 'absent'),
(313, 14, 3, 7, 23, 'Social Science', 'al farabe', '2018-07-30', 'present'),
(314, 15, 3, 7, 23, 'Social Science', 'Kamrul ', '2018-07-30', 'present'),
(315, 16, 3, 7, 23, 'Social Science', 'Rakibul', '2018-07-30', 'present'),
(316, 17, 3, 7, 23, 'Social Science', 'rezauzzaman', '2018-07-30', 'present'),
(317, 18, 3, 7, 23, 'Social Science', 'Maksudur rahman', '2018-07-30', 'present'),
(318, 19, 3, 7, 23, 'Social Science', 'mahbub', '2018-07-30', 'present'),
(319, 20, 3, 7, 23, 'Social Science', 'Tanim', '2018-07-30', 'present'),
(320, 21, 3, 7, 23, 'Social Science', 'Anik ', '2018-07-30', 'absent'),
(321, 22, 3, 7, 23, 'Social Science', 'abud asid', '2018-07-30', 'absent'),
(322, 23, 3, 7, 23, 'Social Science', 'Maniruzzaman ', '2018-07-30', 'absent'),
(323, 24, 3, 7, 23, 'Social Science', 'Ruble', '2018-07-30', 'absent'),
(324, 25, 3, 7, 23, 'Social Science', 'Moniruzzaman', '2018-07-30', 'absent'),
(325, 26, 3, 7, 23, 'Social Science', 'amirul', '2018-07-30', 'absent'),
(326, 27, 3, 7, 23, 'Social Science', 'Babul', '2018-07-30', 'absent'),
(327, 28, 3, 7, 23, 'Social Science', 'Bristi ', '2018-07-30', 'absent'),
(328, 43, 3, 7, 23, 'Social Science', 'moshfiq', '2018-07-30', 'absent'),
(329, 84, 3, 7, 23, 'Social Science', 'Muntasir', '2018-07-30', 'absent'),
(330, 41, 3, 9, 24, 'Social Science', 'moshfiq', '2018-07-30', 'present'),
(331, 51, 3, 9, 24, 'Social Science', 'Shain', '2018-07-30', 'present'),
(332, 59, 3, 9, 24, 'Social Science', 'Rubel', '2018-07-30', 'present'),
(333, 61, 3, 9, 24, 'Social Science', 'Raju', '2018-07-30', 'present'),
(334, 68, 3, 9, 24, 'Social Science', 'Atatu Azim', '2018-07-30', 'present'),
(335, 86, 3, 9, 24, 'Social Science', 'Muntasir', '2018-07-30', 'present'),
(336, 94, 3, 9, 24, 'Social Science', 'tofayel', '2018-07-30', 'present'),
(337, 14, 1, 7, 40, 'Bangla 2nd', 'al farabe', '2018-07-30', 'present'),
(338, 15, 1, 7, 40, 'Bangla 2nd', 'Kamrul ', '2018-07-30', 'present'),
(339, 16, 1, 7, 40, 'Bangla 2nd', 'Rakibul', '2018-07-30', 'present'),
(340, 17, 1, 7, 40, 'Bangla 2nd', 'rezauzzaman', '2018-07-30', 'present'),
(341, 18, 1, 7, 40, 'Bangla 2nd', 'Maksudur rahman', '2018-07-30', 'present'),
(342, 19, 1, 7, 40, 'Bangla 2nd', 'mahbub', '2018-07-30', 'present'),
(343, 20, 1, 7, 40, 'Bangla 2nd', 'Tanim', '2018-07-30', 'present'),
(344, 21, 1, 7, 40, 'Bangla 2nd', 'Anik ', '2018-07-30', 'present'),
(345, 22, 1, 7, 40, 'Bangla 2nd', 'abud asid', '2018-07-30', 'present'),
(346, 23, 1, 7, 40, 'Bangla 2nd', 'Maniruzzaman ', '2018-07-30', 'present'),
(347, 24, 1, 7, 40, 'Bangla 2nd', 'Ruble', '2018-07-30', 'present'),
(348, 25, 1, 7, 40, 'Bangla 2nd', 'Moniruzzaman', '2018-07-30', 'present'),
(349, 26, 1, 7, 40, 'Bangla 2nd', 'amirul', '2018-07-30', 'present'),
(350, 27, 1, 7, 40, 'Bangla 2nd', 'Babul', '2018-07-30', 'present'),
(351, 28, 1, 7, 40, 'Bangla 2nd', 'Bristi ', '2018-07-30', 'present'),
(352, 43, 1, 7, 40, 'Bangla 2nd', 'moshfiq', '2018-07-30', 'present'),
(353, 84, 1, 7, 40, 'Bangla 2nd', 'Muntasir', '2018-07-30', 'present'),
(354, 1, 6, 8, 6, 'English 2nd', 'Nurul huda', '2018-07-30', 'present'),
(355, 2, 6, 8, 6, 'English 2nd', 'shamsul huda ', '2018-07-30', 'present'),
(356, 3, 6, 8, 6, 'English 2nd', 'Main Uddin', '2018-07-30', 'present'),
(357, 4, 6, 8, 6, 'English 2nd', 'Muntasir ', '2018-07-30', 'present'),
(358, 5, 6, 8, 6, 'English 2nd', 'Atatur Azm', '2018-07-30', 'present'),
(359, 6, 6, 8, 6, 'English 2nd', 'faruk', '2018-07-30', 'present'),
(360, 7, 6, 8, 6, 'English 2nd', 'rezaul  karim', '2018-07-30', 'present'),
(361, 8, 6, 8, 6, 'English 2nd', 'abdul awal ', '2018-07-30', 'present'),
(362, 9, 6, 8, 6, 'English 2nd', 'rakib uddin', '2018-07-30', 'present'),
(363, 10, 6, 8, 6, 'English 2nd', 'monjur ', '2018-07-30', 'present'),
(364, 11, 6, 8, 6, 'English 2nd', 'Nahid ansary', '2018-07-30', 'present'),
(365, 12, 6, 8, 6, 'English 2nd', 'tofayel', '2018-07-30', 'present'),
(366, 40, 6, 8, 6, 'English 2nd', 'moshfiq', '2018-07-30', 'present'),
(367, 50, 6, 8, 6, 'English 2nd', 'Shain', '2018-07-30', 'present'),
(368, 76, 6, 8, 6, 'English 2nd', 'Al Mahedy', '2018-07-30', 'present'),
(369, 85, 6, 8, 6, 'English 2nd', 'Muntasir', '2018-07-30', 'present'),
(370, 14, 6, 7, 12, 'English 2nd', 'al farabe', '2018-07-30', 'present'),
(371, 15, 6, 7, 12, 'English 2nd', 'Kamrul ', '2018-07-30', 'present'),
(372, 16, 6, 7, 12, 'English 2nd', 'Rakibul', '2018-07-30', 'present'),
(373, 17, 6, 7, 12, 'English 2nd', 'rezauzzaman', '2018-07-30', 'present'),
(374, 18, 6, 7, 12, 'English 2nd', 'Maksudur rahman', '2018-07-30', 'present'),
(375, 19, 6, 7, 12, 'English 2nd', 'mahbub', '2018-07-30', 'present'),
(376, 20, 6, 7, 12, 'English 2nd', 'Tanim', '2018-07-30', 'present'),
(377, 21, 6, 7, 12, 'English 2nd', 'Anik ', '2018-07-30', 'present'),
(378, 22, 6, 7, 12, 'English 2nd', 'abud asid', '2018-07-30', 'absent'),
(379, 23, 6, 7, 12, 'English 2nd', 'Maniruzzaman ', '2018-07-30', 'absent'),
(380, 24, 6, 7, 12, 'English 2nd', 'Ruble', '2018-07-30', 'absent'),
(381, 25, 6, 7, 12, 'English 2nd', 'Moniruzzaman', '2018-07-30', 'absent'),
(382, 26, 6, 7, 12, 'English 2nd', 'amirul', '2018-07-30', 'absent'),
(383, 27, 6, 7, 12, 'English 2nd', 'Babul', '2018-07-30', 'present'),
(384, 28, 6, 7, 12, 'English 2nd', 'Bristi ', '2018-07-30', 'present'),
(385, 43, 6, 7, 12, 'English 2nd', 'moshfiq', '2018-07-30', 'present'),
(386, 84, 6, 7, 12, 'English 2nd', 'Muntasir', '2018-07-30', 'absent'),
(387, 37, 6, 4, 35, 'English 2nd', 'moshfiq', '2018-07-30', 'present'),
(388, 47, 6, 4, 35, 'English 2nd', 'Shain', '2018-07-30', 'present'),
(389, 56, 6, 4, 35, 'English 2nd', 'Rubel', '2018-07-30', 'present'),
(390, 65, 6, 4, 35, 'English 2nd', 'Atatu Azim', '2018-07-30', 'present'),
(391, 73, 6, 4, 35, 'English 2nd', 'Al Mahedy', '2018-07-30', 'present'),
(392, 81, 6, 4, 35, 'English 2nd', 'Muntasir', '2018-07-30', 'present'),
(393, 91, 6, 4, 35, 'English 2nd', 'tofayel', '2018-07-30', 'present'),
(394, 99, 6, 4, 35, 'English 2nd', 'Rezaul', '2018-07-30', 'present'),
(395, 14, 8, 7, 36, 'Genarel Science', 'al farabe', '2018-06-19', 'present'),
(396, 15, 8, 7, 36, 'Genarel Science', 'Kamrul ', '2018-06-19', 'present'),
(397, 16, 8, 7, 36, 'Genarel Science', 'Rakibul', '2018-06-12', 'present'),
(398, 17, 8, 7, 36, 'Genarel Science', 'rezauzzaman', '2018-06-12', 'present'),
(399, 18, 8, 7, 36, 'Genarel Science', 'Maksudur rahman', '2018-06-19', 'present'),
(400, 19, 8, 7, 36, 'Genarel Science', 'mahbub', '2018-06-04', 'present'),
(401, 20, 8, 7, 36, 'Genarel Science', 'Tanim', '2018-06-11', 'present'),
(402, 21, 8, 7, 36, 'Genarel Science', 'Anik ', '2018-06-04', 'present'),
(403, 22, 8, 7, 36, 'Genarel Science', 'abud asid', '2018-06-04', 'present'),
(404, 23, 8, 7, 36, 'Genarel Science', 'Maniruzzaman ', '2018-06-04', 'present'),
(405, 24, 8, 7, 36, 'Genarel Science', 'Ruble', '2018-06-04', 'present'),
(406, 25, 8, 7, 36, 'Genarel Science', 'Moniruzzaman', '2018-06-04', 'present'),
(407, 26, 8, 7, 36, 'Genarel Science', 'amirul', '2018-06-04', 'present'),
(408, 27, 8, 7, 36, 'Genarel Science', 'Babul', '2018-06-04', 'present'),
(409, 28, 8, 7, 36, 'Genarel Science', 'Bristi ', '2018-06-04', 'present'),
(410, 43, 8, 7, 36, 'Genarel Science', 'moshfiq', '2018-06-04', 'present'),
(411, 84, 8, 7, 36, 'Genarel Science', 'Muntasir', '2018-06-04', 'present'),
(412, 14, 11, 7, 28, 'ICT', 'al farabe', '2018-06-04', 'present'),
(413, 15, 11, 7, 28, 'ICT', 'Kamrul ', '2018-06-04', 'present'),
(414, 16, 11, 7, 28, 'ICT', 'Rakibul', '2018-06-04', 'present'),
(415, 17, 11, 7, 28, 'ICT', 'rezauzzaman', '2018-06-04', 'present'),
(416, 18, 11, 7, 28, 'ICT', 'Maksudur rahman', '2018-06-04', 'present'),
(417, 19, 11, 7, 28, 'ICT', 'mahbub', '2018-06-04', 'present'),
(418, 20, 11, 7, 28, 'ICT', 'Tanim', '2018-06-04', 'present'),
(419, 21, 11, 7, 28, 'ICT', 'Anik ', '2018-06-04', 'present'),
(420, 22, 11, 7, 28, 'ICT', 'abud asid', '2018-06-04', 'absent'),
(421, 23, 11, 7, 28, 'ICT', 'Maniruzzaman ', '2018-06-04', 'absent'),
(422, 24, 11, 7, 28, 'ICT', 'Ruble', '2018-06-04', 'absent'),
(423, 25, 11, 7, 28, 'ICT', 'Moniruzzaman', '2018-06-04', 'present'),
(424, 26, 11, 7, 28, 'ICT', 'amirul', '2018-06-04', 'present'),
(425, 27, 11, 7, 28, 'ICT', 'Babul', '2018-06-04', 'present'),
(426, 28, 11, 7, 28, 'ICT', 'Bristi ', '2018-06-04', 'present'),
(427, 43, 11, 7, 28, 'ICT', 'moshfiq', '2018-06-04', 'present'),
(428, 84, 11, 7, 28, 'ICT', 'Muntasir', '2018-06-04', 'present'),
(429, 13, 11, 6, 25, 'ICT', 'tarek', '2018-06-04', 'present'),
(430, 39, 11, 6, 25, 'ICT', 'moshfiq', '2018-07-30', 'present'),
(431, 49, 11, 6, 25, 'ICT', 'Shain', '2018-07-30', 'present'),
(432, 58, 11, 6, 25, 'ICT', 'Rubel', '2018-07-30', 'present'),
(433, 67, 11, 6, 25, 'ICT', 'Atatu Azim', '2018-07-30', 'present'),
(434, 75, 11, 6, 25, 'ICT', 'Al Mahedy', '2018-07-30', 'present'),
(435, 83, 11, 6, 25, 'ICT', 'Muntasir', '2018-07-30', 'present'),
(436, 93, 11, 6, 25, 'ICT', 'tofayel', '2018-07-30', 'present'),
(437, 1, 11, 8, 26, 'ICT', 'Nurul huda', '2018-07-30', 'absent'),
(438, 2, 11, 8, 26, 'ICT', 'shamsul huda ', '2018-07-30', 'absent'),
(439, 3, 11, 8, 26, 'ICT', 'Main Uddin', '2018-07-30', 'absent'),
(440, 4, 11, 8, 26, 'ICT', 'Muntasir ', '2018-07-30', 'absent'),
(441, 5, 11, 8, 26, 'ICT', 'Atatur Azm', '2018-07-30', 'absent'),
(442, 6, 11, 8, 26, 'ICT', 'faruk', '2018-07-30', 'absent'),
(443, 7, 11, 8, 26, 'ICT', 'rezaul  karim', '2018-07-30', 'absent'),
(444, 8, 11, 8, 26, 'ICT', 'abdul awal ', '2018-07-30', 'absent'),
(445, 9, 11, 8, 26, 'ICT', 'rakib uddin', '2018-07-30', 'absent'),
(446, 10, 11, 8, 26, 'ICT', 'monjur ', '2018-07-30', 'absent'),
(447, 11, 11, 8, 26, 'ICT', 'Nahid ansary', '2018-07-30', 'absent'),
(448, 12, 11, 8, 26, 'ICT', 'tofayel', '2018-07-30', 'absent'),
(449, 40, 11, 8, 26, 'ICT', 'moshfiq', '2018-07-30', 'absent'),
(450, 50, 11, 8, 26, 'ICT', 'Shain', '2018-07-30', 'absent'),
(451, 76, 11, 8, 26, 'ICT', 'Al Mahedy', '2018-07-30', 'absent'),
(452, 85, 11, 8, 26, 'ICT', 'Muntasir', '2018-07-30', 'absent'),
(453, 41, 11, 9, 27, 'ICT', 'moshfiq', '2018-07-30', 'present'),
(454, 51, 11, 9, 27, 'ICT', 'Shain', '2018-07-30', 'present'),
(455, 59, 11, 9, 27, 'ICT', 'Rubel', '2018-07-30', 'present'),
(456, 61, 11, 9, 27, 'ICT', 'Raju', '2018-07-30', 'present'),
(457, 68, 11, 9, 27, 'ICT', 'Atatu Azim', '2018-07-30', 'present'),
(458, 86, 11, 9, 27, 'ICT', 'Muntasir', '2018-07-30', 'present'),
(459, 94, 11, 9, 27, 'ICT', 'tofayel', '2018-07-30', 'present'),
(460, 42, 11, 10, 34, 'Physics ', 'moshfiq', '2018-07-30', 'absent'),
(461, 52, 11, 10, 34, 'Physics ', 'Shain', '2018-07-30', 'absent'),
(462, 60, 11, 10, 34, 'Physics ', 'Rubel', '2018-07-30', 'absent'),
(463, 69, 11, 10, 34, 'Physics ', 'Atatu Azim', '2018-07-30', 'absent'),
(464, 70, 11, 10, 34, 'Physics ', 'Al Mahedy', '2018-07-30', 'absent'),
(465, 87, 11, 10, 34, 'Physics ', 'Muntasir', '2018-07-30', 'absent'),
(466, 14, 11, 7, 28, 'ICT', 'al farabe', '2018-05-02', 'present'),
(467, 15, 11, 7, 28, 'ICT', 'Kamrul ', '2018-05-01', 'present'),
(468, 16, 11, 7, 28, 'ICT', 'Rakibul', '2018-05-01', 'present'),
(469, 17, 11, 7, 28, 'ICT', 'rezauzzaman', '2018-05-01', 'present'),
(470, 18, 11, 7, 28, 'ICT', 'Maksudur rahman', '2018-05-01', 'present'),
(471, 19, 11, 7, 28, 'ICT', 'mahbub', '2018-05-01', 'present'),
(472, 20, 11, 7, 28, 'ICT', 'Tanim', '2018-05-01', 'present'),
(473, 21, 11, 7, 28, 'ICT', 'Anik ', '2018-05-01', 'present'),
(474, 22, 11, 7, 28, 'ICT', 'abud asid', '2018-05-01', 'present'),
(475, 23, 11, 7, 28, 'ICT', 'Maniruzzaman ', '2018-05-01', 'present'),
(476, 24, 11, 7, 28, 'ICT', 'Ruble', '2018-05-01', 'present'),
(477, 25, 11, 7, 28, 'ICT', 'Moniruzzaman', '2018-05-01', 'present'),
(478, 26, 11, 7, 28, 'ICT', 'amirul', '2018-06-01', 'present'),
(479, 27, 11, 7, 28, 'ICT', 'Babul', '2018-05-01', 'present'),
(480, 28, 11, 7, 28, 'ICT', 'Bristi ', '2018-05-01', 'present'),
(481, 43, 11, 7, 28, 'ICT', 'moshfiq', '2018-05-01', 'present'),
(482, 84, 11, 7, 28, 'ICT', 'Muntasir', '2018-05-01', 'present'),
(483, 14, 11, 7, 28, 'ICT', 'al farabe', '2018-04-01', 'present'),
(484, 15, 11, 7, 28, 'ICT', 'Kamrul ', '2018-04-01', 'present'),
(485, 16, 11, 7, 28, 'ICT', 'Rakibul', '2018-04-01', 'present'),
(486, 17, 11, 7, 28, 'ICT', 'rezauzzaman', '2018-04-01', 'present'),
(487, 18, 11, 7, 28, 'ICT', 'Maksudur rahman', '2018-04-01', 'present'),
(488, 19, 11, 7, 28, 'ICT', 'mahbub', '2018-04-01', 'present'),
(489, 20, 11, 7, 28, 'ICT', 'Tanim', '2018-04-01', 'present'),
(490, 21, 11, 7, 28, 'ICT', 'Anik ', '2018-04-01', 'present'),
(491, 22, 11, 7, 28, 'ICT', 'abud asid', '2018-04-01', 'present'),
(492, 23, 11, 7, 28, 'ICT', 'Maniruzzaman ', '2018-04-01', 'present'),
(493, 24, 11, 7, 28, 'ICT', 'Ruble', '2018-04-01', 'present'),
(494, 25, 11, 7, 28, 'ICT', 'Moniruzzaman', '2018-04-01', 'present'),
(495, 26, 11, 7, 28, 'ICT', 'amirul', '2018-04-01', 'present'),
(496, 27, 11, 7, 28, 'ICT', 'Babul', '2018-04-01', 'present'),
(497, 28, 11, 7, 28, 'ICT', 'Bristi ', '2018-04-01', 'present'),
(498, 43, 11, 7, 28, 'ICT', 'moshfiq', '2018-04-01', 'present'),
(499, 84, 11, 7, 28, 'ICT', 'Muntasir', '2018-04-01', 'present'),
(500, 14, 11, 7, 28, 'ICT', 'al farabe', '2018-03-01', 'present'),
(501, 15, 11, 7, 28, 'ICT', 'Kamrul ', '2018-03-01', 'present'),
(502, 16, 11, 7, 28, 'ICT', 'Rakibul', '2018-03-01', 'present'),
(503, 17, 11, 7, 28, 'ICT', 'rezauzzaman', '2018-03-01', 'present'),
(504, 18, 11, 7, 28, 'ICT', 'Maksudur rahman', '2018-03-01', 'present'),
(505, 19, 11, 7, 28, 'ICT', 'mahbub', '2018-03-01', 'present'),
(506, 20, 11, 7, 28, 'ICT', 'Tanim', '2018-03-01', 'present'),
(507, 21, 11, 7, 28, 'ICT', 'Anik ', '2018-03-01', 'present'),
(508, 22, 11, 7, 28, 'ICT', 'abud asid', '2018-03-01', 'present'),
(509, 23, 11, 7, 28, 'ICT', 'Maniruzzaman ', '2018-03-01', 'present'),
(510, 24, 11, 7, 28, 'ICT', 'Ruble', '2018-03-01', 'present'),
(511, 25, 11, 7, 28, 'ICT', 'Moniruzzaman', '2018-03-01', 'present'),
(512, 26, 11, 7, 28, 'ICT', 'amirul', '2018-03-01', 'present'),
(513, 27, 11, 7, 28, 'ICT', 'Babul', '2018-03-01', 'present'),
(514, 28, 11, 7, 28, 'ICT', 'Bristi ', '2018-03-01', 'present'),
(515, 43, 11, 7, 28, 'ICT', 'moshfiq', '2018-03-01', 'present'),
(516, 84, 11, 7, 28, 'ICT', 'Muntasir', '2018-03-01', 'present'),
(517, 14, 11, 7, 28, 'ICT', 'al farabe', '2018-02-01', 'present'),
(518, 15, 11, 7, 28, 'ICT', 'Kamrul ', '2018-02-01', 'present'),
(519, 16, 11, 7, 28, 'ICT', 'Rakibul', '2018-02-01', 'present'),
(520, 17, 11, 7, 28, 'ICT', 'rezauzzaman', '2018-02-01', 'present'),
(521, 18, 11, 7, 28, 'ICT', 'Maksudur rahman', '2018-02-01', 'present'),
(522, 19, 11, 7, 28, 'ICT', 'mahbub', '2018-02-01', 'present'),
(523, 20, 11, 7, 28, 'ICT', 'Tanim', '2018-02-01', 'present'),
(524, 21, 11, 7, 28, 'ICT', 'Anik ', '2018-02-01', 'present'),
(525, 22, 11, 7, 28, 'ICT', 'abud asid', '2018-02-01', 'present'),
(526, 23, 11, 7, 28, 'ICT', 'Maniruzzaman ', '2018-02-01', 'present'),
(527, 24, 11, 7, 28, 'ICT', 'Ruble', '2018-02-01', 'present'),
(528, 25, 11, 7, 28, 'ICT', 'Moniruzzaman', '2018-02-01', 'present'),
(529, 26, 11, 7, 28, 'ICT', 'amirul', '2018-02-01', 'present'),
(530, 27, 11, 7, 28, 'ICT', 'Babul', '2018-02-01', 'present'),
(531, 28, 11, 7, 28, 'ICT', 'Bristi ', '2018-02-01', 'present'),
(532, 43, 11, 7, 28, 'ICT', 'moshfiq', '2018-02-01', 'present'),
(533, 84, 11, 7, 28, 'ICT', 'Muntasir', '2018-02-01', 'present'),
(534, 14, 11, 7, 28, 'ICT', 'al farabe', '2018-01-01', 'present'),
(535, 15, 11, 7, 28, 'ICT', 'Kamrul ', '2018-01-01', 'present'),
(536, 16, 11, 7, 28, 'ICT', 'Rakibul', '2018-01-01', 'present'),
(537, 17, 11, 7, 28, 'ICT', 'rezauzzaman', '2018-01-01', 'present'),
(538, 18, 11, 7, 28, 'ICT', 'Maksudur rahman', '2018-01-01', 'present'),
(539, 19, 11, 7, 28, 'ICT', 'mahbub', '2018-01-01', 'present'),
(540, 20, 11, 7, 28, 'ICT', 'Tanim', '2018-01-01', 'present'),
(541, 21, 11, 7, 28, 'ICT', 'Anik ', '2018-01-01', 'present'),
(542, 22, 11, 7, 28, 'ICT', 'abud asid', '2018-01-01', 'present'),
(543, 23, 11, 7, 28, 'ICT', 'Maniruzzaman ', '2018-01-01', 'present'),
(544, 24, 11, 7, 28, 'ICT', 'Ruble', '2018-01-01', 'present'),
(545, 25, 11, 7, 28, 'ICT', 'Moniruzzaman', '2018-01-01', 'present'),
(546, 26, 11, 7, 28, 'ICT', 'amirul', '2018-01-01', 'present'),
(547, 27, 11, 7, 28, 'ICT', 'Babul', '2018-01-01', 'present'),
(548, 28, 11, 7, 28, 'ICT', 'Bristi ', '2018-01-01', 'present'),
(549, 43, 11, 7, 28, 'ICT', 'moshfiq', '2018-01-01', 'present'),
(550, 84, 11, 7, 28, 'ICT', 'Muntasir', '2018-01-01', 'present'),
(551, 14, 11, 7, 28, 'ICT', 'al farabe', '2018-06-01', 'present'),
(552, 15, 11, 7, 28, 'ICT', 'Kamrul ', '2018-06-01', 'present'),
(553, 16, 11, 7, 28, 'ICT', 'Rakibul', '2018-06-01', 'present'),
(554, 17, 11, 7, 28, 'ICT', 'rezauzzaman', '2018-06-01', 'present'),
(555, 18, 11, 7, 28, 'ICT', 'Maksudur rahman', '2018-06-01', 'present'),
(556, 19, 11, 7, 28, 'ICT', 'mahbub', '2018-06-01', 'present'),
(557, 20, 11, 7, 28, 'ICT', 'Tanim', '2018-06-01', 'present'),
(558, 21, 11, 7, 28, 'ICT', 'Anik ', '2018-06-01', 'present'),
(559, 22, 11, 7, 28, 'ICT', 'abud asid', '2018-06-01', 'present'),
(560, 23, 11, 7, 28, 'ICT', 'Maniruzzaman ', '2018-06-01', 'present'),
(561, 24, 11, 7, 28, 'ICT', 'Ruble', '2018-06-01', 'present'),
(562, 25, 11, 7, 28, 'ICT', 'Moniruzzaman', '2018-06-01', 'present'),
(563, 26, 11, 7, 28, 'ICT', 'amirul', '2018-06-01', 'present'),
(564, 27, 11, 7, 28, 'ICT', 'Babul', '2018-06-01', 'present'),
(565, 28, 11, 7, 28, 'ICT', 'Bristi ', '2018-06-01', 'present'),
(566, 43, 11, 7, 28, 'ICT', 'moshfiq', '2018-06-01', 'present'),
(567, 84, 11, 7, 28, 'ICT', 'Muntasir', '2018-06-01', 'present'),
(568, 14, 11, 7, 28, 'ICT', 'al farabe', '2018-07-11', 'present'),
(569, 15, 11, 7, 28, 'ICT', 'Kamrul ', '2018-07-11', 'present'),
(570, 16, 11, 7, 28, 'ICT', 'Rakibul', '2018-07-11', 'present'),
(571, 17, 11, 7, 28, 'ICT', 'rezauzzaman', '2018-07-11', 'present'),
(572, 18, 11, 7, 28, 'ICT', 'Maksudur rahman', '2018-07-11', 'present'),
(573, 19, 11, 7, 28, 'ICT', 'mahbub', '2018-07-11', 'present'),
(574, 20, 11, 7, 28, 'ICT', 'Tanim', '2018-07-11', 'present'),
(575, 21, 11, 7, 28, 'ICT', 'Anik ', '2018-07-11', 'present'),
(576, 22, 11, 7, 28, 'ICT', 'abud asid', '2018-07-11', 'present'),
(577, 23, 11, 7, 28, 'ICT', 'Maniruzzaman ', '2018-07-11', 'present'),
(578, 24, 11, 7, 28, 'ICT', 'Ruble', '2018-07-11', 'present'),
(579, 25, 11, 7, 28, 'ICT', 'Moniruzzaman', '2018-07-11', 'present'),
(580, 26, 11, 7, 28, 'ICT', 'amirul', '2018-07-11', 'present'),
(581, 27, 11, 7, 28, 'ICT', 'Babul', '2018-07-11', 'present'),
(582, 28, 11, 7, 28, 'ICT', 'Bristi ', '2018-07-11', 'present'),
(583, 43, 11, 7, 28, 'ICT', 'moshfiq', '2018-07-11', 'present'),
(584, 84, 11, 7, 28, 'ICT', 'Muntasir', '2018-07-11', 'present'),
(585, 14, 11, 7, 28, 'ICT', 'al farabe', '2018-07-30', 'absent'),
(586, 15, 11, 7, 28, 'ICT', 'Kamrul ', '2018-07-30', 'present'),
(587, 16, 11, 7, 28, 'ICT', 'Rakibul', '2018-07-30', 'present'),
(588, 17, 11, 7, 28, 'ICT', 'rezauzzaman', '2018-07-30', 'present'),
(589, 18, 11, 7, 28, 'ICT', 'Maksudur rahman', '2018-07-30', 'present'),
(590, 19, 11, 7, 28, 'ICT', 'mahbub', '2018-07-30', 'present'),
(591, 20, 11, 7, 28, 'ICT', 'Tanim', '2018-07-30', 'present'),
(592, 21, 11, 7, 28, 'ICT', 'Anik ', '2018-07-30', 'present'),
(593, 22, 11, 7, 28, 'ICT', 'abud asid', '2018-07-30', 'present'),
(594, 23, 11, 7, 28, 'ICT', 'Maniruzzaman ', '2018-07-30', 'present'),
(595, 24, 11, 7, 28, 'ICT', 'Ruble', '2018-07-30', 'present'),
(596, 25, 11, 7, 28, 'ICT', 'Moniruzzaman', '2018-07-30', 'present'),
(597, 26, 11, 7, 28, 'ICT', 'amirul', '2018-07-30', 'present'),
(598, 27, 11, 7, 28, 'ICT', 'Babul', '2018-07-30', 'absent'),
(599, 28, 11, 7, 28, 'ICT', 'Bristi ', '2018-07-30', 'absent'),
(600, 43, 11, 7, 28, 'ICT', 'moshfiq', '2018-07-30', 'absent'),
(601, 84, 11, 7, 28, 'ICT', 'Muntasir', '2018-07-30', 'absent'),
(602, 14, 8, 7, 36, 'Genarel Science', 'al farabe', '2018-07-30', 'absent'),
(603, 15, 8, 7, 36, 'Genarel Science', 'Kamrul ', '2018-07-30', 'present'),
(604, 16, 8, 7, 36, 'Genarel Science', 'Rakibul', '2018-07-30', 'present'),
(605, 17, 8, 7, 36, 'Genarel Science', 'rezauzzaman', '2018-07-30', 'present'),
(606, 18, 8, 7, 36, 'Genarel Science', 'Maksudur rahman', '2018-07-30', 'present'),
(607, 19, 8, 7, 36, 'Genarel Science', 'mahbub', '2018-07-30', 'present'),
(608, 20, 8, 7, 36, 'Genarel Science', 'Tanim', '2018-07-30', 'present'),
(609, 21, 8, 7, 36, 'Genarel Science', 'Anik ', '2018-07-30', 'present'),
(610, 22, 8, 7, 36, 'Genarel Science', 'abud asid', '2018-07-30', 'present'),
(611, 23, 8, 7, 36, 'Genarel Science', 'Maniruzzaman ', '2018-07-30', 'present'),
(612, 24, 8, 7, 36, 'Genarel Science', 'Ruble', '2018-07-30', 'present'),
(613, 25, 8, 7, 36, 'Genarel Science', 'Moniruzzaman', '2018-07-30', 'present'),
(614, 26, 8, 7, 36, 'Genarel Science', 'amirul', '2018-07-30', 'absent'),
(615, 27, 8, 7, 36, 'Genarel Science', 'Babul', '2018-07-30', 'absent'),
(616, 28, 8, 7, 36, 'Genarel Science', 'Bristi ', '2018-07-30', 'absent'),
(617, 43, 8, 7, 36, 'Genarel Science', 'moshfiq', '2018-07-30', 'absent'),
(618, 84, 8, 7, 36, 'Genarel Science', 'Muntasir', '2018-07-30', 'absent'),
(619, 1, 5, 8, 10, 'Bangla 2nd', 'Nurul huda', '2018-07-30', 'present'),
(620, 2, 5, 8, 10, 'Bangla 2nd', 'shamsul huda ', '2018-07-30', 'present'),
(621, 3, 5, 8, 10, 'Bangla 2nd', 'Main Uddin', '2018-07-30', 'present'),
(622, 4, 5, 8, 10, 'Bangla 2nd', 'Muntasir ', '2018-07-30', 'present'),
(623, 5, 5, 8, 10, 'Bangla 2nd', 'Atatur Azm', '2018-07-30', 'present'),
(624, 6, 5, 8, 10, 'Bangla 2nd', 'faruk', '2018-07-30', 'present'),
(625, 7, 5, 8, 10, 'Bangla 2nd', 'rezaul  karim', '2018-07-30', 'present'),
(626, 8, 5, 8, 10, 'Bangla 2nd', 'abdul awal ', '2018-07-30', 'present'),
(627, 9, 5, 8, 10, 'Bangla 2nd', 'rakib uddin', '2018-07-30', 'present'),
(628, 10, 5, 8, 10, 'Bangla 2nd', 'monjur ', '2018-07-30', 'present'),
(629, 11, 5, 8, 10, 'Bangla 2nd', 'Nahid ansary', '2018-07-30', 'present'),
(630, 12, 5, 8, 10, 'Bangla 2nd', 'tofayel', '2018-07-30', 'present'),
(631, 40, 5, 8, 10, 'Bangla 2nd', 'moshfiq', '2018-07-30', 'present'),
(632, 50, 5, 8, 10, 'Bangla 2nd', 'Shain', '2018-07-30', 'present'),
(633, 76, 5, 8, 10, 'Bangla 2nd', 'Al Mahedy', '2018-07-30', 'present'),
(634, 85, 5, 8, 10, 'Bangla 2nd', 'Muntasir', '2018-07-30', 'present'),
(635, 13, 11, 6, 25, 'ICT', 'tarek', '2018-07-31', 'present'),
(636, 39, 11, 6, 25, 'ICT', 'moshfiq', '2018-07-31', 'present'),
(637, 49, 11, 6, 25, 'ICT', 'Shain', '2018-07-31', 'present'),
(638, 58, 11, 6, 25, 'ICT', 'Rubel', '2018-07-31', 'present'),
(639, 67, 11, 6, 25, 'ICT', 'Atatu Azim', '2018-07-31', 'present'),
(640, 75, 11, 6, 25, 'ICT', 'Al Mahedy', '2018-07-31', 'present'),
(641, 83, 11, 6, 25, 'ICT', 'Muntasir', '2018-07-31', 'present'),
(642, 93, 11, 6, 25, 'ICT', 'tofayel', '2018-07-31', 'present'),
(643, 1, 11, 8, 26, 'ICT', 'Nurul huda', '2018-07-31', 'present'),
(644, 2, 11, 8, 26, 'ICT', 'shamsul huda ', '2018-07-31', 'present'),
(645, 3, 11, 8, 26, 'ICT', 'Main Uddin', '2018-07-31', 'present'),
(646, 4, 11, 8, 26, 'ICT', 'Muntasir ', '2018-07-31', 'present'),
(647, 5, 11, 8, 26, 'ICT', 'Atatur Azm', '2018-07-31', 'present'),
(648, 6, 11, 8, 26, 'ICT', 'faruk', '2018-07-31', 'present'),
(649, 7, 11, 8, 26, 'ICT', 'rezaul  karim', '2018-07-31', 'present'),
(650, 8, 11, 8, 26, 'ICT', 'abdul awal ', '2018-07-31', 'present'),
(651, 9, 11, 8, 26, 'ICT', 'rakib uddin', '2018-07-31', 'present'),
(652, 10, 11, 8, 26, 'ICT', 'monjur ', '2018-07-31', 'present'),
(653, 11, 11, 8, 26, 'ICT', 'Nahid ansary', '2018-07-31', 'present'),
(654, 12, 11, 8, 26, 'ICT', 'tofayel', '2018-07-31', 'present'),
(655, 40, 11, 8, 26, 'ICT', 'moshfiq', '2018-07-31', 'present'),
(656, 50, 11, 8, 26, 'ICT', 'Shain', '2018-07-31', 'present'),
(657, 76, 11, 8, 26, 'ICT', 'Al Mahedy', '2018-07-31', 'present'),
(658, 85, 11, 8, 26, 'ICT', 'Muntasir', '2018-07-31', 'present'),
(659, 41, 11, 9, 27, 'ICT', 'moshfiq', '2018-07-31', 'present'),
(660, 51, 11, 9, 27, 'ICT', 'Shain', '2018-07-31', 'present'),
(661, 59, 11, 9, 27, 'ICT', 'Rubel', '2018-07-31', 'present'),
(662, 61, 11, 9, 27, 'ICT', 'Raju', '2018-07-31', 'present'),
(663, 68, 11, 9, 27, 'ICT', 'Atatu Azim', '2018-07-31', 'present'),
(664, 86, 11, 9, 27, 'ICT', 'Muntasir', '2018-07-31', 'present'),
(665, 94, 11, 9, 27, 'ICT', 'tofayel', '2018-07-31', 'present'),
(666, 42, 11, 10, 34, 'Physics ', 'moshfiq', '2018-07-31', 'present'),
(667, 52, 11, 10, 34, 'Physics ', 'Shain', '2018-07-31', 'present'),
(668, 60, 11, 10, 34, 'Physics ', 'Rubel', '2018-07-31', 'present'),
(669, 69, 11, 10, 34, 'Physics ', 'Atatu Azim', '2018-07-31', 'present'),
(670, 70, 11, 10, 34, 'Physics ', 'Al Mahedy', '2018-07-31', 'present'),
(671, 87, 11, 10, 34, 'Physics ', 'Muntasir', '2018-07-31', 'present'),
(672, 14, 6, 7, 12, 'English 2nd', 'al farabe', '2018-07-31', 'present'),
(673, 15, 6, 7, 12, 'English 2nd', 'Kamrul ', '2018-07-31', 'present'),
(674, 16, 6, 7, 12, 'English 2nd', 'Rakibul', '2018-07-31', 'present'),
(675, 17, 6, 7, 12, 'English 2nd', 'rezauzzaman', '2018-07-31', 'present'),
(676, 18, 6, 7, 12, 'English 2nd', 'Maksudur rahman', '2018-07-31', 'present'),
(677, 19, 6, 7, 12, 'English 2nd', 'mahbub', '2018-07-31', 'absent'),
(678, 20, 6, 7, 12, 'English 2nd', 'Tanim', '2018-07-31', 'present'),
(679, 21, 6, 7, 12, 'English 2nd', 'Anik ', '2018-07-31', 'present'),
(680, 22, 6, 7, 12, 'English 2nd', 'abud asid', '2018-07-31', 'present'),
(681, 23, 6, 7, 12, 'English 2nd', 'Maniruzzaman ', '2018-07-31', 'present'),
(682, 24, 6, 7, 12, 'English 2nd', 'Ruble', '2018-07-31', 'present'),
(683, 25, 6, 7, 12, 'English 2nd', 'Moniruzzaman', '2018-07-31', 'present'),
(684, 26, 6, 7, 12, 'English 2nd', 'amirul', '2018-07-31', 'present'),
(685, 27, 6, 7, 12, 'English 2nd', 'Babul', '2018-07-31', 'present'),
(686, 28, 6, 7, 12, 'English 2nd', 'Bristi ', '2018-07-31', 'present'),
(687, 43, 6, 7, 12, 'English 2nd', 'moshfiq', '2018-07-31', 'present'),
(688, 84, 6, 7, 12, 'English 2nd', 'Muntasir', '2018-07-31', 'present'),
(689, 1, 6, 8, 6, 'English 2nd', 'Nurul huda', '2018-07-31', 'present'),
(690, 2, 6, 8, 6, 'English 2nd', 'shamsul huda ', '2018-07-31', 'present'),
(691, 3, 6, 8, 6, 'English 2nd', 'Main Uddin', '2018-07-31', 'present'),
(692, 4, 6, 8, 6, 'English 2nd', 'Muntasir ', '2018-07-31', 'present'),
(693, 5, 6, 8, 6, 'English 2nd', 'Atatur Azm', '2018-07-31', 'present'),
(694, 6, 6, 8, 6, 'English 2nd', 'faruk', '2018-07-31', 'present'),
(695, 7, 6, 8, 6, 'English 2nd', 'rezaul  karim', '2018-07-31', 'present'),
(696, 8, 6, 8, 6, 'English 2nd', 'abdul awal ', '2018-07-31', 'present'),
(697, 9, 6, 8, 6, 'English 2nd', 'rakib uddin', '2018-07-31', 'present'),
(698, 10, 6, 8, 6, 'English 2nd', 'monjur ', '2018-07-31', 'present'),
(699, 11, 6, 8, 6, 'English 2nd', 'Nahid ansary', '2018-07-31', 'present'),
(700, 12, 6, 8, 6, 'English 2nd', 'tofayel', '2018-07-31', 'present'),
(701, 40, 6, 8, 6, 'English 2nd', 'moshfiq', '2018-07-31', 'present'),
(702, 50, 6, 8, 6, 'English 2nd', 'Shain', '2018-07-31', 'present'),
(703, 76, 6, 8, 6, 'English 2nd', 'Al Mahedy', '2018-07-31', 'present'),
(704, 85, 6, 8, 6, 'English 2nd', 'Muntasir', '2018-07-31', 'present'),
(705, 37, 6, 4, 35, 'English 2nd', 'moshfiq', '2018-07-31', 'present'),
(706, 47, 6, 4, 35, 'English 2nd', 'Shain', '2018-07-31', 'present'),
(707, 56, 6, 4, 35, 'English 2nd', 'Rubel', '2018-07-31', 'present'),
(708, 65, 6, 4, 35, 'English 2nd', 'Atatu Azim', '2018-07-31', 'present'),
(709, 73, 6, 4, 35, 'English 2nd', 'Al Mahedy', '2018-07-31', 'present'),
(710, 81, 6, 4, 35, 'English 2nd', 'Muntasir', '2018-07-31', 'present'),
(711, 91, 6, 4, 35, 'English 2nd', 'tofayel', '2018-07-31', 'present'),
(712, 99, 6, 4, 35, 'English 2nd', 'Rezaul', '2018-07-31', 'present'),
(713, 1, 2, 8, 2, 'English 1st', 'Nurul huda', '2018-07-31', 'present'),
(714, 2, 2, 8, 2, 'English 1st', 'shamsul huda ', '2018-07-31', 'present'),
(715, 3, 2, 8, 2, 'English 1st', 'Main Uddin', '2018-07-31', 'present'),
(716, 4, 2, 8, 2, 'English 1st', 'Muntasir ', '2018-07-31', 'present'),
(717, 5, 2, 8, 2, 'English 1st', 'Atatur Azm', '2018-07-31', 'present'),
(718, 6, 2, 8, 2, 'English 1st', 'faruk', '2018-07-31', 'present'),
(719, 7, 2, 8, 2, 'English 1st', 'rezaul  karim', '2018-07-31', 'present'),
(720, 8, 2, 8, 2, 'English 1st', 'abdul awal ', '2018-07-31', 'present'),
(721, 9, 2, 8, 2, 'English 1st', 'rakib uddin', '2018-07-31', 'present'),
(722, 10, 2, 8, 2, 'English 1st', 'monjur ', '2018-07-31', 'present'),
(723, 11, 2, 8, 2, 'English 1st', 'Nahid ansary', '2018-07-31', 'present'),
(724, 12, 2, 8, 2, 'English 1st', 'tofayel', '2018-07-31', 'present'),
(725, 40, 2, 8, 2, 'English 1st', 'moshfiq', '2018-07-31', 'present'),
(726, 50, 2, 8, 2, 'English 1st', 'Shain', '2018-07-31', 'present'),
(727, 76, 2, 8, 2, 'English 1st', 'Al Mahedy', '2018-07-31', 'present'),
(728, 85, 2, 8, 2, 'English 1st', 'Muntasir', '2018-07-31', 'present'),
(729, 36, 2, 3, 17, 'Mathematics', 'moshfiq', '2018-07-31', 'present'),
(730, 46, 2, 3, 17, 'Mathematics', 'Shain', '2018-07-31', 'present'),
(731, 55, 2, 3, 17, 'Mathematics', 'Rubel', '2018-07-31', 'present'),
(732, 64, 2, 3, 17, 'Mathematics', 'Atatu Azim', '2018-07-31', 'present'),
(733, 72, 2, 3, 17, 'Mathematics', 'Al Mahedy', '2018-07-31', 'present'),
(734, 80, 2, 3, 17, 'Mathematics', 'Muntasir', '2018-07-31', 'present'),
(735, 90, 2, 3, 17, 'Mathematics', 'tofayel', '2018-07-31', 'present'),
(736, 98, 2, 3, 17, 'Mathematics', 'Rezaul', '2018-07-31', 'present'),
(737, 37, 2, 4, 18, 'Mathematics', 'moshfiq', '2018-07-31', 'present'),
(738, 47, 2, 4, 18, 'Mathematics', 'Shain', '2018-07-31', 'present'),
(739, 56, 2, 4, 18, 'Mathematics', 'Rubel', '2018-07-31', 'present'),
(740, 65, 2, 4, 18, 'Mathematics', 'Atatu Azim', '2018-07-31', 'present');
INSERT INTO `stdattendance` (`atnd_id`, `std_id`, `tchr_id`, `cls_id`, `course_id`, `course`, `firstname`, `date`, `status`) VALUES
(741, 73, 2, 4, 18, 'Mathematics', 'Al Mahedy', '2018-07-31', 'present'),
(742, 81, 2, 4, 18, 'Mathematics', 'Muntasir', '2018-07-31', 'present'),
(743, 91, 2, 4, 18, 'Mathematics', 'tofayel', '2018-07-31', 'present'),
(744, 99, 2, 4, 18, 'Mathematics', 'Rezaul', '2018-07-31', 'present'),
(745, 14, 2, 7, 19, 'Mathematics', 'al farabe', '2018-07-31', 'present'),
(746, 15, 2, 7, 19, 'Mathematics', 'Kamrul ', '2018-07-31', 'present'),
(747, 16, 2, 7, 19, 'Mathematics', 'Rakibul', '2018-07-31', 'present'),
(748, 17, 2, 7, 19, 'Mathematics', 'rezauzzaman', '2018-07-31', 'present'),
(749, 18, 2, 7, 19, 'Mathematics', 'Maksudur rahman', '2018-07-31', 'present'),
(750, 19, 2, 7, 19, 'Mathematics', 'mahbub', '2018-07-31', 'present'),
(751, 20, 2, 7, 19, 'Mathematics', 'Tanim', '2018-07-31', 'present'),
(752, 21, 2, 7, 19, 'Mathematics', 'Anik ', '2018-07-31', 'present'),
(753, 22, 2, 7, 19, 'Mathematics', 'abud asid', '2018-07-31', 'present'),
(754, 23, 2, 7, 19, 'Mathematics', 'Maniruzzaman ', '2018-07-31', 'present'),
(755, 24, 2, 7, 19, 'Mathematics', 'Ruble', '2018-07-31', 'present'),
(756, 25, 2, 7, 19, 'Mathematics', 'Moniruzzaman', '2018-07-31', 'present'),
(757, 26, 2, 7, 19, 'Mathematics', 'amirul', '2018-07-31', 'present'),
(758, 27, 2, 7, 19, 'Mathematics', 'Babul', '2018-07-31', 'present'),
(759, 28, 2, 7, 19, 'Mathematics', 'Bristi ', '2018-07-31', 'present'),
(760, 43, 2, 7, 19, 'Mathematics', 'moshfiq', '2018-07-31', 'present'),
(761, 84, 2, 7, 19, 'Mathematics', 'Muntasir', '2018-07-31', 'present'),
(762, 1, 10, 8, 11, 'Agriculture', 'Nurul huda', '2018-07-31', 'present'),
(763, 2, 10, 8, 11, 'Agriculture', 'shamsul huda ', '2018-07-31', 'present'),
(764, 3, 10, 8, 11, 'Agriculture', 'Main Uddin', '2018-07-31', 'present'),
(765, 4, 10, 8, 11, 'Agriculture', 'Muntasir ', '2018-07-31', 'present'),
(766, 5, 10, 8, 11, 'Agriculture', 'Atatur Azm', '2018-07-31', 'present'),
(767, 6, 10, 8, 11, 'Agriculture', 'faruk', '2018-07-31', 'present'),
(768, 7, 10, 8, 11, 'Agriculture', 'rezaul  karim', '2018-07-31', 'present'),
(769, 8, 10, 8, 11, 'Agriculture', 'abdul awal ', '2018-07-31', 'present'),
(770, 9, 10, 8, 11, 'Agriculture', 'rakib uddin', '2018-07-31', 'present'),
(771, 10, 10, 8, 11, 'Agriculture', 'monjur ', '2018-07-31', 'present'),
(772, 11, 10, 8, 11, 'Agriculture', 'Nahid ansary', '2018-07-31', 'present'),
(773, 12, 10, 8, 11, 'Agriculture', 'tofayel', '2018-07-31', 'present'),
(774, 40, 10, 8, 11, 'Agriculture', 'moshfiq', '2018-07-31', 'present'),
(775, 50, 10, 8, 11, 'Agriculture', 'Shain', '2018-07-31', 'present'),
(776, 76, 10, 8, 11, 'Agriculture', 'Al Mahedy', '2018-07-31', 'present'),
(777, 85, 10, 8, 11, 'Agriculture', 'Muntasir', '2018-07-31', 'present'),
(778, 41, 10, 9, 29, 'English1st', 'moshfiq', '2018-07-31', 'present'),
(779, 51, 10, 9, 29, 'English1st', 'Shain', '2018-07-31', 'present'),
(780, 59, 10, 9, 29, 'English1st', 'Rubel', '2018-07-31', 'present'),
(781, 61, 10, 9, 29, 'English1st', 'Raju', '2018-07-31', 'present'),
(782, 68, 10, 9, 29, 'English1st', 'Atatu Azim', '2018-07-31', 'present'),
(783, 86, 10, 9, 29, 'English1st', 'Muntasir', '2018-07-31', 'present'),
(784, 94, 10, 9, 29, 'English1st', 'tofayel', '2018-07-31', 'present'),
(785, 14, 10, 7, 37, 'Bangla 1 st', 'al farabe', '2018-07-31', 'present'),
(786, 15, 10, 7, 37, 'Bangla 1 st', 'Kamrul ', '2018-07-31', 'present'),
(787, 16, 10, 7, 37, 'Bangla 1 st', 'Rakibul', '2018-07-31', 'present'),
(788, 17, 10, 7, 37, 'Bangla 1 st', 'rezauzzaman', '2018-07-31', 'present'),
(789, 18, 10, 7, 37, 'Bangla 1 st', 'Maksudur rahman', '2018-07-31', 'present'),
(790, 19, 10, 7, 37, 'Bangla 1 st', 'mahbub', '2018-07-31', 'present'),
(791, 20, 10, 7, 37, 'Bangla 1 st', 'Tanim', '2018-07-31', 'present'),
(792, 21, 10, 7, 37, 'Bangla 1 st', 'Anik ', '2018-07-31', 'present'),
(793, 22, 10, 7, 37, 'Bangla 1 st', 'abud asid', '2018-07-31', 'absent'),
(794, 23, 10, 7, 37, 'Bangla 1 st', 'Maniruzzaman ', '2018-07-31', 'absent'),
(795, 24, 10, 7, 37, 'Bangla 1 st', 'Ruble', '2018-07-31', 'absent'),
(796, 25, 10, 7, 37, 'Bangla 1 st', 'Moniruzzaman', '2018-07-31', 'absent'),
(797, 26, 10, 7, 37, 'Bangla 1 st', 'amirul', '2018-07-31', 'absent'),
(798, 27, 10, 7, 37, 'Bangla 1 st', 'Babul', '2018-07-31', 'absent'),
(799, 28, 10, 7, 37, 'Bangla 1 st', 'Bristi ', '2018-07-31', 'absent'),
(800, 43, 10, 7, 37, 'Bangla 1 st', 'moshfiq', '2018-07-31', 'absent'),
(801, 84, 10, 7, 37, 'Bangla 1 st', 'Muntasir', '2018-07-31', 'absent');

-- --------------------------------------------------------

--
-- Table structure for table `teacherinfo`
--

CREATE TABLE `teacherinfo` (
  `tchr_id` int(10) NOT NULL,
  `tname` varchar(50) NOT NULL,
  `tfname` varchar(50) NOT NULL,
  `address` varchar(100) NOT NULL,
  `mnumber` varchar(50) NOT NULL,
  `email` varchar(50) NOT NULL,
  `eduqf` varchar(100) NOT NULL,
  `gender` enum('male','female','others') NOT NULL,
  `uname` varchar(50) NOT NULL,
  `password` varchar(100) NOT NULL,
  `action` varchar(50) NOT NULL,
  `img_name` varchar(50) NOT NULL,
  `img_path` varchar(50) NOT NULL,
  `img_type` varchar(50) NOT NULL
) ENGINE=InnoDB DEFAULT CHARSET=latin1;

--
-- Dumping data for table `teacherinfo`
--

INSERT INTO `teacherinfo` (`tchr_id`, `tname`, `tfname`, `address`, `mnumber`, `email`, `eduqf`, `gender`, `uname`, `password`, `action`, `img_name`, `img_path`, `img_type`) VALUES
(1, 'Raihan Uddin', 'Ahmed', 'dhaka bangladesh ', '01515693097', 'raihanuddinbabu@gmail.com', 'Bsc in Engineering in Cse', 'male', 'raihan', 'MTIzNA==', 'active', 'C:xampp	mpphpB6F.tmp', 'raihan.jpg', 'image/jpeg'),
(2, 'Shamsul Huda ', 'abul kalam ', 'dhaka', '01715900536', 'shmiloneee@gmail.com', 'Bsc in engineering in EEE', 'male', 'shmiloneee', 'MTIzNA==', 'active', 'C:xampp	mpphpFD43.tmp', 'rsz_dsc_0233_1.jpg', 'image/jpeg'),
(3, 'Nasrin Sultana', 'abul kalam ', 'dhaka', '01715900536', 'nasrin@gmail.com', 'Bsc in engineering in EEE', 'male', 'nasrin', 'MTIzNA==', 'active', 'C:xampp	mpphpA1A5.tmp', 't1.jpg', 'image/jpeg'),
(4, 'Hanif Mozumdar', 'abul kalam ', 'dhaka', '01715900536', 'hanifmozumdar@gmail.com', 'Bsc in engineering in EEE', 'male', 'hanif', 'MTIzNA==', 'active', 'C:xampp	mpphp45F4.tmp', 't2.jpg', 'image/jpeg'),
(5, 'Rahmotullah ', 'abul kalam ', 'dhaka', '01715900536', 'rahmottullah@gmail.com', 'Bsc in engineering in EEE', 'male', 'rahmot', 'MTIzNA==', 'active', 'C:xampp	mpphpD93C.tmp', 't999.jpg', 'image/jpeg'),
(6, 'Abu Taher', 'abul kalam ', 'dhaka', '01715900536', 'abutaher@gmail.com', 'Bsc in engineering in EEE', 'male', 'abu', 'MTIzNA==', 'active', 'C:xampp	mpphpA910.tmp', 't9.jpg', 'image/jpeg'),
(7, 'Saiful islam ', 'abul kalam ', 'dhaka', '01715900536', 'abutaher@gmail.com', 'Bsc in engineering in EEE', 'male', 'Saiful ', 'MTIzNA==', 'active', 'C:xampp	mpphp5251.tmp', 'tea.jpg', 'image/jpeg'),
(8, 'Morium Akter', 'abul kalam ', 'dhaka', '01715900536', 'abutaher@gmail.com', 'Bsc in engineering in EEE', 'female', 'morium', 'MTIzNA==', 'active', 'C:xampp	mpphpCC74.tmp', 't7.jpg', 'image/jpeg'),
(9, 'Samsun nahar', 'Ahmed', 'dhaka bangladesh ', '01515693097', 'raihanuddinbabu@gmail.com', 'Bsc in Engineering in Cse', 'female', 'samsun ', 'MTIzNA==', 'active', 'C:xampp	mpphp4975.tmp', 't5.jpg', 'image/jpeg'),
(10, 'Anisur Rahman ', 'Ahmed', 'dhaka bangladesh ', '01515693097', 'anisur@gmail.com', 'Bsc in Engineering in Cse', 'male', 'anisur', 'MTIzNA==', 'active', 'C:xampp	mpphp4C99.tmp', 'teaee.jpg', 'image/jpeg'),
(11, 'Raju Ahmed', 'Ahmed', 'Dhaka bangladesh ', '01922984217', 'rajuahmed@gmail.com', 'Bsc in Engineering CSE', 'male', 'raju', 'MTIzNA==', 'active', 'C:xampp	mpphpE846.tmp', 'rajusir.jpg', 'image/jpeg');

--
-- Indexes for dumped tables
--

--
-- Indexes for table `admininfo`
--
ALTER TABLE `admininfo`
  ADD PRIMARY KEY (`ad_id`);

--
-- Indexes for table `admissionform`
--
ALTER TABLE `admissionform`
  ADD PRIMARY KEY (`std_id`);

--
-- Indexes for table `classinfo`
--
ALTER TABLE `classinfo`
  ADD PRIMARY KEY (`cls_id`);

--
-- Indexes for table `courseinfo`
--
ALTER TABLE `courseinfo`
  ADD PRIMARY KEY (`course_id`);

--
-- Indexes for table `finalresult`
--
ALTER TABLE `finalresult`
  ADD PRIMARY KEY (`rslt_id`);

--
-- Indexes for table `message`
--
ALTER TABLE `message`
  ADD PRIMARY KEY (`ms_id`);

--
-- Indexes for table `midresult`
--
ALTER TABLE `midresult`
  ADD PRIMARY KEY (`rslt_id`);

--
-- Indexes for table `notice`
--
ALTER TABLE `notice`
  ADD PRIMARY KEY (`notice_id`);

--
-- Indexes for table `photo`
--
ALTER TABLE `photo`
  ADD PRIMARY KEY (`pc_id`);

--
-- Indexes for table `stdattendance`
--
ALTER TABLE `stdattendance`
  ADD PRIMARY KEY (`atnd_id`);

--
-- Indexes for table `teacherinfo`
--
ALTER TABLE `teacherinfo`
  ADD PRIMARY KEY (`tchr_id`);

--
-- AUTO_INCREMENT for dumped tables
--

--
-- AUTO_INCREMENT for table `admininfo`
--
ALTER TABLE `admininfo`
  MODIFY `ad_id` int(10) NOT NULL AUTO_INCREMENT, AUTO_INCREMENT=3;

--
-- AUTO_INCREMENT for table `admissionform`
--
ALTER TABLE `admissionform`
  MODIFY `std_id` int(10) NOT NULL AUTO_INCREMENT, AUTO_INCREMENT=102;

--
-- AUTO_INCREMENT for table `classinfo`
--
ALTER TABLE `classinfo`
  MODIFY `cls_id` int(10) NOT NULL AUTO_INCREMENT, AUTO_INCREMENT=11;

--
-- AUTO_INCREMENT for table `courseinfo`
--
ALTER TABLE `courseinfo`
  MODIFY `course_id` int(10) NOT NULL AUTO_INCREMENT, AUTO_INCREMENT=41;

--
-- AUTO_INCREMENT for table `finalresult`
--
ALTER TABLE `finalresult`
  MODIFY `rslt_id` int(10) NOT NULL AUTO_INCREMENT, AUTO_INCREMENT=342;

--
-- AUTO_INCREMENT for table `message`
--
ALTER TABLE `message`
  MODIFY `ms_id` int(10) NOT NULL AUTO_INCREMENT;

--
-- AUTO_INCREMENT for table `midresult`
--
ALTER TABLE `midresult`
  MODIFY `rslt_id` int(10) NOT NULL AUTO_INCREMENT, AUTO_INCREMENT=350;

--
-- AUTO_INCREMENT for table `notice`
--
ALTER TABLE `notice`
  MODIFY `notice_id` int(10) NOT NULL AUTO_INCREMENT, AUTO_INCREMENT=8;

--
-- AUTO_INCREMENT for table `photo`
--
ALTER TABLE `photo`
  MODIFY `pc_id` int(10) NOT NULL AUTO_INCREMENT, AUTO_INCREMENT=10;

--
-- AUTO_INCREMENT for table `stdattendance`
--
ALTER TABLE `stdattendance`
  MODIFY `atnd_id` int(10) NOT NULL AUTO_INCREMENT, AUTO_INCREMENT=802;

--
-- AUTO_INCREMENT for table `teacherinfo`
--
ALTER TABLE `teacherinfo`
  MODIFY `tchr_id` int(10) NOT NULL AUTO_INCREMENT, AUTO_INCREMENT=12;
COMMIT;

/*!40101 SET CHARACTER_SET_CLIENT=@OLD_CHARACTER_SET_CLIENT */;
/*!40101 SET CHARACTER_SET_RESULTS=@OLD_CHARACTER_SET_RESULTS */;
/*!40101 SET COLLATION_CONNECTION=@OLD_COLLATION_CONNECTION */;
